cycle,cycle_role,C_rate_med_est,I_abs_med_cc,SoHQ,SoHQ_routine,SoHQ_rpt_c3,CE,LAM_PE_pattern_score,contact_loss_score,LLI_pattern_score,interface_R_score,solid_diffusion_score,PE_side_score,NE_side_score,contact_stack_score,shared_side_score,dominant_electrode,dominance_margin,electrode_confidence,PE_top_modes,NE_top_modes,shared_top_modes,pe_peak_hits,pe_peak_hits_delta,si_cosign,electrode_narrative,fade_exponent_b,knee_cycle_bw,eta_argmax_SOC,mech_vs_chem_ratio,PER,LAM_curve_proxy,RCF,Q_relax_pct,R_ohmic_soc50,R_ohmic_growth_100,hyst_area_low,dchg_fit_residual_argmax_SOC,si_cosign
2,rpt_c3,0.3580577638888889,25.780159,100.56235316864861,,100.56235316864861,106.9558529538581,0.054778660095154176,0.0,0.00039195430616564576,0.0,0.0,0.20108399507136565,0.0,0.0,9.798857654141144e-05,PE,0.20098600649482423,0.9124999999999999,LAM_PE,contact_loss,"LLI,interface_R,SE_decomposition,solid_diffusion",2.0,2.0,0.4,"PE activity/isolation pattern leads (PE=0.20, contact=0.00, NE_hyp=0.00). NCM82 secondary — not stoichiometric LAM%.",1.3413045241883332,350.0,,,,0.5447568174651862,1.0,-0.5623531686486073,,,0.08931431586312963,100.0,0.4
3,rpt_c3,0.35805919444444445,25.780262,100.0,,100.0,106.35459145178723,0.0,0.0,0.0,0.0,0.0,0.16,0.0,0.0,0.0,unknown,0.16,0.8425,LAM_PE,contact_loss,"LLI,interface_R,SE_decomposition,solid_diffusion",2.0,2.0,0.4,Insufficient electrode-side evidence for this cycle.,1.3413045241883332,350.0,0.0,,,0.0,1.0,-0.5623531686486073,,,0.09195041794852134,100.0,0.4
4,dcir_pulse,0.3580645972222222,25.780651,20.000375345324624,,,21.407147581948053,0.9212817611749662,1.0,0.9999999974237995,0.45,0.0,0.7209613208812247,0.30250000000000005,1.0,0.6021828780756907,contact_stack,0.27903867911877533,0.825,LAM_PE,contact_loss,"LLI,microshort,SE_decomposition,interface_R",1.0,1.0,0.4,Contact/stack ohmic pattern leads (contact=1.00) without strong Si co-sign (si_cosign=0.40) — not electrode-resolved.,1.3413045241883332,350.0,0.0,,,,,-0.5623531686486073,,,0.10773356705489462,,0.4
5,dcir_pulse,1.074135138888889,77.33773,30.000073407019208,,,6013.638954617046,0.9969606234670229,1.0,0.6785714271238705,0.6292827356985878,0.5707664850234277,0.7477204676002671,0.22000000000000003,1.0,0.5757241284703453,contact_stack,0.2522795323997329,0.78125,LAM_PE,contact_loss,"microshort,LLI,interface_R,solid_diffusion",0.0,0.0,0.2,Contact/stack ohmic pattern leads (contact=1.00) without strong Si co-sign (si_cosign=0.20) — not electrode-resolved.,1.3413045241883332,350.0,0.0,2.188318411932141,1.6972472662832487,,,-0.5623531686486073,1.922110885232062,,0.031137586683865955,,0.2
6,dcir_pulse,1.0739977777777776,77.32784,30.000073407019208,,,,0.9485733034138817,1.0,0.0,1.0,0.0,0.7114299775604113,0.22000000000000003,1.0,0.3333333333333333,contact_stack,0.28857002243958874,0.78125,LAM_PE,contact_loss,"interface_R,LLI,solid_diffusion",0.0,0.0,0.2,Contact/stack ohmic pattern leads (contact=1.00) without strong Si co-sign (si_cosign=0.20) — not electrode-resolved.,1.3413045241883332,350.0,0.0,2.188318411932141,,,,-0.5623531686486073,1.922110885232062,,,,0.2
7,routine_05c,0.5370795833333334,38.66973,96.28910897452056,96.28910897452056,,110.07579328505284,0.7161592848654261,0.0,0.38176892479084523,0.22067074884106017,0.6304593783621568,0.6371194636490696,0.0,0.0,0.35210815055213546,PE,0.2850113130969341,0.8687499999999999,LAM_PE,contact_loss,"solid_diffusion,LLI,interface_R,SE_decomposition",0.0,0.0,0.2,"PE activity/isolation pattern leads (PE=0.64, contact=0.00, NE_hyp=0.00). NCM82 secondary — not stoichiometric LAM%.",1.3413045241883332,350.0,,2.188318411932141,,-2.8784278341842606,0.9628910897452055,-0.5623531686486073,1.922110885232062,,0.07147158977602447,100.0,0.2
8,routine_05c,0.5370783333333333,38.66964,96.09568840410093,96.09568840410093,,112.9034777740408,0.6278453854758618,0.0,0.3883636970010017,0.23869084558105805,0.6532013761694183,0.5508840391068964,0.0,0.0,0.3675309092068299,PE,0.18335312990006652,0.7958679773251164,LAM_PE,contact_loss,"solid_diffusion,LLI,interface_R,SE_decomposition",1.0,1.0,0.2,"PE activity/isolation pattern leads (PE=0.55, contact=0.00, NE_hyp=0.00). NCM82 secondary — not stoichiometric LAM%.",1.3413045241883332,350.0,,2.188318411932141,,-3.155483405855053,0.9609568840410092,-0.5623531686486073,1.922110885232062,,0.06939091343882961,100.0,0.2
9,routine_05c,0.5370795833333334,38.66973,95.9052650561259,95.9052650561259,,113.09592128168914,0.725652022987639,0.0,0.3931784169245135,0.2408020594579701,0.674496333696413,0.6242390172407293,0.0,0.0,0.3750059757073887,PE,0.24923304153334058,0.825,LAM_PE,contact_loss,"solid_diffusion,LLI,interface_R,SE_decomposition",1.0,1.0,0.2,"PE activity/isolation pattern leads (PE=0.62, contact=0.00, NE_hyp=0.00). NCM82 secondary — not stoichiometric LAM%.",1.3413045241883332,350.0,,2.188318411932141,,-3.4503123275015257,0.959052650561259,-0.5623531686486073,1.922110885232062,,0.06846833394408834,100.0,0.2
10,routine_05c,0.5370810277777778,38.669834,95.8100464569479,95.8100464569479,,112.99189924749302,0.8333392213154274,0.0,0.39210856678390044,0.2511055132557183,0.6847433419182645,0.7050044159865706,0.0,0.0,0.3819251109664602,PE,0.3230793050201104,0.825,LAM_PE,contact_loss,"solid_diffusion,LLI,interface_R,SE_decomposition",1.0,1.0,0.2,"PE activity/isolation pattern leads (PE=0.71, contact=0.00, NE_hyp=0.00). NCM82 secondary — not stoichiometric LAM%.",1.3413045241883332,350.0,,2.188318411932141,,-3.543527632252852,0.958100464569479,-0.5623531686486073,1.922110885232062,,0.06784372157124882,100.0,0.2
20,routine_05c,0.5370783333333333,38.66964,95.02747777083104,95.02747777083104,,114.47007096926471,0.5732782772603889,0.0,0.4035891552837276,0.27468947967302804,0.7592764872161432,0.5099587079452916,0.0,0.0,0.41401452934183824,PE,0.09594417860345339,0.6429023125560434,LAM_PE,contact_loss,"solid_diffusion,LLI,interface_R,SE_decomposition",1.0,1.0,0.2,"PE activity/isolation pattern leads (PE=0.51, contact=0.00, NE_hyp=0.00). NCM82 secondary — not stoichiometric LAM%.",1.3413045241883332,350.0,,2.188318411932141,,-4.298217197782561,0.9502747777083104,-0.5623531686486073,1.922110885232062,,0.06622240526846315,100.0,0.2
30,routine_05c,0.5370811944444445,38.669846,94.62282504004838,94.62282504004838,,114.01358126059733,0.45159414460226144,0.0,0.4101356248112798,0.2903663432791615,0.7915000912293715,0.3886956084516961,0.0,0.0,0.43074382173205916,mixed,0.04204821328036307,0.5485843732406354,LAM_PE,contact_loss,"solid_diffusion,LLI,interface_R,SE_decomposition",0.0,0.0,0.2,"Mixed signals (PE=0.39, contact=0.00, NE_hyp=0.00, Δ=0.04).",1.3413045241883332,350.0,,2.188318411932141,,-4.683571616502569,0.9462282504004839,-0.5623531686486073,1.922110885232062,,0.06565057919169186,100.0,0.2
40,routine_05c,0.5370783333333333,38.66964,94.30295049125917,94.30295049125917,,114.83602611816319,0.5765804830952483,0.0,0.4107286115184465,0.2840301929605409,0.8142152946512259,0.48243536232143625,0.0,0.0,0.4337268017917518,mixed,0.04870856052968442,0.5602399809269477,LAM_PE,contact_loss,"solid_diffusion,LLI,interface_R,SE_decomposition",0.0,0.0,0.2,"Mixed signals (PE=0.48, contact=0.00, NE_hyp=0.00, Δ=0.05).",1.3413045241883332,350.0,,2.188318411932141,,-5.166530908142231,0.9430295049125916,-0.5623531686486073,1.922110885232062,,0.0654453488978095,100.0,0.2
50,routine_05c,0.5370797222222222,38.66974,94.01730023387753,94.01730023387753,,114.51570265278073,0.572827386039591,0.0,0.4128494684821598,0.29943476978888706,0.8325961747507787,0.47962053952969325,0.0,0.0,0.4457667904293828,mixed,0.03385374910031047,0.5342440609255433,LAM_PE,contact_loss,"solid_diffusion,LLI,interface_R,SE_decomposition",0.0,0.0,0.2,"Mixed signals (PE=0.48, contact=0.00, NE_hyp=0.00, Δ=0.03).",1.3413045241883332,350.0,,2.188318411932141,,-5.589959290697477,0.9401730023387753,-0.5623531686486073,1.922110885232062,,0.06460223286948623,100.0,0.2
60,routine_05c,0.5370781944444444,38.66963,93.65279283237243,93.65279283237243,,115.29546550894483,0.6126342628517917,0.0,0.430551606933576,0.30095181652148423,0.3677687594084554,0.5094756971388438,0.0,0.0,0.33466641831958316,PE,0.17480927881926062,0.780916237933706,LAM_PE,contact_loss,"LLI,solid_diffusion,interface_R,SE_decomposition",0.0,0.0,0.2,"PE activity/isolation pattern leads (PE=0.51, contact=0.00, NE_hyp=0.00). NCM82 secondary — not stoichiometric LAM%.",1.3413045241883332,350.0,,2.188318411932141,,-6.292155520705145,0.9807079791466055,-0.5623531686486073,1.922110885232062,,0.06428299499479231,99.88724514080937,0.2
70,routine_05c,0.5370754166666667,38.66943,93.35821600444763,93.35821600444763,,114.95102820977034,0.7527769861370098,0.0,0.447087437100021,0.31158702744085903,0.4198707277417214,0.6145827396027574,0.0,0.0,0.3565996273912757,PE,0.25798311221148174,0.825,LAM_PE,contact_loss,"LLI,solid_diffusion,interface_R,SE_decomposition",0.0,0.0,0.2,"PE activity/isolation pattern leads (PE=0.61, contact=0.00, NE_hyp=0.00). NCM82 secondary — not stoichiometric LAM%.",1.3413045241883332,350.0,,2.188318411932141,,-6.79882314761644,0.9776232463065005,-0.5623531686486073,1.922110885232062,,0.0635419664001328,99.73391211011679,0.2
80,routine_05c,0.5370783333333333,38.66964,92.99075154660278,92.99075154660278,,108.13983446909477,0.8663753135039358,0.5357768066335463,0.4626300842865822,0.3441703616999361,0.48116176346054895,0.7497814851279518,0.16207248400664778,0.5357768066335463,0.39043352201800413,PE,0.21400467849440552,0.9124999999999999,LAM_PE,contact_loss,"solid_diffusion,LLI,interface_R,SE_decomposition",0.0,0.0,0.4,"PE activity/isolation pattern leads (PE=0.75, contact=0.54, NE_hyp=0.16). NCM82 secondary — not stoichiometric LAM%.",1.3413045241883332,350.0,,2.188318411932141,,-7.364870032104731,0.9737752529369249,-0.5623531686486073,1.922110885232062,,0.061948748215189864,99.72325525558803,0.4
90,routine_05c,0.5370795833333334,38.66973,92.63071089296454,92.63071089296454,,116.59761360282306,0.8658876839663818,0.5126086309440406,0.47574024978670304,0.30413554169306906,0.5369784091408546,0.6994157629747864,0.11277389880768895,0.5126086309440406,0.38969504992366466,PE,0.18680713203074573,0.801912481053805,LAM_PE,contact_loss,"solid_diffusion,LLI,interface_R,SE_decomposition",0.0,0.0,0.2,"PE activity/isolation pattern leads (PE=0.70, contact=0.51, NE_hyp=0.11). NCM82 secondary — not stoichiometric LAM%.",1.3413045241883332,350.0,,2.188318411932141,,-7.872329164542213,0.9700049997371918,-0.5623531686486073,1.922110885232062,,0.0623377768189336,99.71897083921331,0.2
100,routine_05c,0.5370810277777778,38.669834,92.24537944365235,92.24537944365235,,116.11607707610354,0.9722148631049206,0.47664855940575956,0.4882349876888827,0.30958282083095856,0.5919105175015937,0.7791611473286905,0.10486268306926712,0.47664855940575956,0.4089968470115153,PE,0.3025125879229309,0.825,LAM_PE,contact_loss,"solid_diffusion,LLI,interface_R,SE_decomposition",0.0,0.0,0.2,"PE activity/isolation pattern leads (PE=0.78, contact=0.48, NE_hyp=0.10). NCM82 secondary — not stoichiometric LAM%.",1.3413045241883332,350.0,,2.188318411932141,,-8.45210855166101,0.9659699078245249,-0.5623531686486073,1.922110885232062,,0.062035770109977344,99.71457176605932,0.2
107,rpt_c3,0.3580611805555556,25.780405000000002,95.49508602333124,,95.49508602333124,112.22304570788131,0.5418427077287926,0.0,0.2070104204403991,0.19356614230934602,0.0,0.4863820307965945,0.0,0.0,0.13151417218369912,PE,0.3548678586128954,0.8687499999999999,LAM_PE,contact_loss,"LLI,interface_R,SE_decomposition,solid_diffusion",1.0,1.0,0.4,"PE activity/isolation pattern leads (PE=0.49, contact=0.00, NE_hyp=0.00). NCM82 secondary — not stoichiometric LAM%.",1.3413045241883332,350.0,,2.188318411932141,,-5.233810647893944,1.0,-0.064458535386092,1.922110885232062,,0.07983164787057309,99.66143719470304,0.4
108,rpt_c3,0.35806027777777777,25.78034,95.43357094123589,,95.43357094123589,109.10547605909049,0.4433987501622394,0.0,0.20295865610385316,0.1351754277078631,0.0,0.41254906262167956,0.0,0.0,0.10982350589778242,PE,0.3027255567238971,0.8687499999999999,LAM_PE,contact_loss,"LLI,interface_R,SE_decomposition,solid_diffusion",1.0,1.0,0.4,"PE activity/isolation pattern leads (PE=0.41, contact=0.00, NE_hyp=0.00). NCM82 secondary — not stoichiometric LAM%.",1.3413045241883332,350.0,0.0,2.188318411932141,,-5.201906359987296,1.0,-0.064458535386092,1.922110885232062,,0.08206277292945946,99.65705950419436,0.4
109,dcir_pulse,0.3580645972222222,25.780651,19.086888703047556,,,21.822289903796143,0.9946000723163151,1.0,0.9999999988865725,0.45,0.0,0.7759500542372364,0.30250000000000005,1.0,0.6024994153899118,contact_stack,0.2240499457627636,0.825,LAM_PE,contact_loss,"LLI,microshort,SE_decomposition,interface_R",1.0,1.0,0.4,Contact/stack ohmic pattern leads (contact=1.00) without strong Si co-sign (si_cosign=0.40) — not electrode-resolved.,1.3413045241883332,350.0,0.0,2.188318411932141,,,,-0.064458535386092,1.922110885232062,,0.10164421170815624,,0.4
110,dcir_pulse,1.074135138888889,77.33773,28.63035383014281,,,5583.61772070522,0.9963429737440869,0.7992159223882895,0.6785714280933252,0.6123755094086186,0.5822070594740852,0.7472572303080651,0.24176281652245762,0.7992159223882895,0.574630799371365,mixed,0.05195869208022441,0.5659277111403926,LAM_PE,contact_loss,"microshort,LLI,interface_R,solid_diffusion",0.0,0.0,0.4,"Mixed signals (PE=0.75, contact=0.80, NE_hyp=0.24, Δ=0.05).",1.3413045241883332,350.0,0.0,2.39420852115196,1.3867990839933413,,,-0.064458535386092,2.1945852960893175,0.2594994389116718,0.02226077716553442,,0.4
111,dcir_pulse,1.0739977777777776,77.32784,28.6303579852571,,,,0.9719344002831148,0.7992159223882895,0.0861507884421642,1.0,0.0,0.7289508002123362,0.24176281652245762,0.7992159223882895,0.3620502628140547,contact_stack,0.07026512217595338,0.5979639638079184,LAM_PE,contact_loss,"interface_R,LLI,solid_diffusion",0.0,0.0,0.4,Contact/stack ohmic pattern leads (contact=0.80) without strong Si co-sign (si_cosign=0.40) — not electrode-resolved.,1.3413045241883332,350.0,0.0,2.39420852115196,,,,-0.064458535386092,2.1945852960893175,0.2594994389116718,,,0.4
120,routine_05c,0.5370795833333334,38.66973,91.60118437377855,91.60118437377855,,116.62383102790896,0.7592803804898588,0.6051053676445007,0.5115833192802149,0.32252577822984957,0.6657956223763268,0.6494602853673942,0.18304437371246152,0.6051053676445007,0.4391148290513974,mixed,0.04435491772289346,0.5963711060150636,LAM_PE,contact_loss,"solid_diffusion,LLI,interface_R,SE_decomposition",1.0,1.0,0.4,"Mixed signals (PE=0.65, contact=0.61, NE_hyp=0.18, Δ=0.04).",1.3413045241883332,350.0,,2.39420852115196,,-9.483120753745133,0.9598423643833138,-0.064458535386092,2.1945852960893175,0.2594994389116718,0.060197287239053376,99.46731905754517,0.4
130,routine_05c,0.5370781944444444,38.66963,91.17120622136952,91.17120622136952,,116.11372254888714,0.7399225635294435,0.6211686061824758,0.5201481599060299,0.3304465951217179,0.7130017363369056,0.6049419226470827,0.18790350337019895,0.6211686061824758,0.45661293437105044,mixed,0.016226683535393138,0.547146696186938,LAM_PE,contact_loss,"solid_diffusion,LLI,interface_R,SE_decomposition",0.0,0.0,0.4,"Mixed signals (PE=0.60, contact=0.62, NE_hyp=0.19, Δ=0.02).",1.3413045241883332,350.0,,2.39420852115196,,-10.022523424733155,0.9553368413459982,-0.064458535386092,2.1945852960893175,0.2594994389116718,0.0592237163946497,99.47296328831678,0.4
140,routine_05c,0.5370783333333333,38.66964,90.75762692004369,90.75762692004369,,116.88108901991463,0.6716302476210881,0.6055072290175233,0.527458392609601,0.3308478882791092,0.7530386006221628,0.5837226857158162,0.18316593677780083,0.6055072290175233,0.46862983452413204,mixed,0.021784543301707093,0.5568729507779875,LAM_PE,contact_loss,"solid_diffusion,LLI,interface_R,SE_decomposition",1.0,1.0,0.4,"Mixed signals (PE=0.58, contact=0.61, NE_hyp=0.18, Δ=0.02).",1.3413045241883332,350.0,,2.39420852115196,,-10.588885118362,0.9510031535540941,-0.064458535386092,2.1945852960893175,0.2594994389116718,0.05875069142651753,99.46400703708096,0.4
150,routine_05c,0.5370795833333334,38.66973,90.41096573443446,90.41096573443446,,117.77482412498759,0.672777373639284,0.6168891300833858,0.5307629934241354,0.3353795223078232,0.7828099662438777,0.5845830302294631,0.18660896185022424,0.6168891300833858,0.47893291186199205,mixed,0.03230609985392263,0.5752856747443647,LAM_PE,contact_loss,"solid_diffusion,LLI,interface_R,SE_decomposition",1.0,1.0,0.4,"Mixed signals (PE=0.58, contact=0.62, NE_hyp=0.19, Δ=0.03).",1.3413045241883332,350.0,,2.39420852115196,,-11.04997435777344,0.9473706667657429,-0.064458535386092,2.1945852960893175,0.2594994389116718,0.057784221696795285,99.46853002165545,0.4
160,routine_05c,0.5370781944444444,38.66963,90.15210211387283,90.15210211387283,,117.44463067666966,0.6773568252563571,0.6085382588541375,0.5424789145526533,0.34005616511223974,0.8029413608130463,0.6080176189422678,0.1840828233033766,0.6085382588541375,0.4889939156815779,mixed,0.0005206399118696803,0.5634111198457719,LAM_PE,contact_loss,"solid_diffusion,LLI,interface_R,SE_decomposition",0.0,0.0,0.4,"Mixed signals (PE=0.61, contact=0.61, NE_hyp=0.18, Δ=0.00).",1.3413045241883332,350.0,,2.39420852115196,,-11.512027966509164,0.9446581661434931,-0.064458535386092,2.1945852960893175,0.2594994389116718,0.057412349909222914,99.13529695354032,0.4
170,routine_05c,0.5370767361111111,38.669525,89.75339119653164,89.75339119653164,,116.95598041159403,0.6773621056751495,0.6178477047641541,0.540521319864779,0.3439266452902038,0.5636954159985053,0.6080215792563621,0.18689893069115665,0.6178477047641541,0.4304303486131284,mixed,0.009826125507791938,0.5796957196386359,LAM_PE,contact_loss,"solid_diffusion,LLI,interface_R,SE_decomposition",0.0,0.0,0.4,"Mixed signals (PE=0.61, contact=0.62, NE_hyp=0.19, Δ=0.01).",1.3413045241883332,350.0,,2.39420852115196,,-11.94603033559314,0.9680883357818597,-0.064458535386092,2.1945852960893175,0.2594994389116718,0.0569092962247804,99.4629788597933,0.4
180,routine_05c,0.5370783333333333,38.66964,89.31004050128408,89.31004050128408,,117.71986575826081,0.6773672827591085,0.6180879395296411,0.5339309096097776,0.34431471571488015,0.6254295283489292,0.6080254620693314,0.18697160170771646,0.6180879395296411,0.4443904648389695,mixed,0.010062477460309749,0.580109335555542,LAM_PE,contact_loss,"solid_diffusion,LLI,interface_R,SE_decomposition",0.0,0.0,0.4,"Mixed signals (PE=0.61, contact=0.62, NE_hyp=0.19, Δ=0.01).",1.3413045241883332,350.0,,2.39420852115196,,-12.675887439151378,0.9633063143895969,-0.064458535386092,2.1945852960893175,0.2594994389116718,0.05636300784188077,99.45697719410421,0.4
190,routine_05c,0.5370824999999999,38.66994,88.85182834724233,88.85182834724233,,118.49867982153299,0.6734562745770953,0.6325894724080158,0.5445298558913413,0.3451011584369771,0.681933858297897,0.6350922059328216,0.1913583154034248,0.6325894724080158,0.46151928943663445,mixed,0.002502733524805789,0.5668797836684101,LAM_PE,contact_loss,"solid_diffusion,LLI,interface_R,SE_decomposition",1.0,1.0,0.4,"Mixed signals (PE=0.64, contact=0.63, NE_hyp=0.19, Δ=0.00).",1.3413045241883332,350.0,,2.39420852115196,,-13.16379564682153,0.9583639959353565,-0.064458535386092,2.1945852960893175,0.2594994389116718,0.055704059924611755,99.46254924695072,0.4
200,routine_05c,0.5370781944444444,38.66963,88.41589176093466,88.41589176093466,,117.93429968255352,0.6773749977502697,0.6166057527511764,0.5307774275105651,0.34893664355355625,0.7290802501579059,0.6080312483127023,0.18652324020723088,0.6166057527511764,0.47158939010308903,mixed,0.008574504438474073,0.5775053827673295,LAM_PE,contact_loss,"solid_diffusion,LLI,interface_R,SE_decomposition",0.0,0.0,0.4,"Mixed signals (PE=0.61, contact=0.62, NE_hyp=0.19, Δ=0.01).",1.3413045241883332,350.0,,2.39420852115196,,-13.625625772765627,0.9536619438043019,-0.064458535386092,2.1945852960893175,0.2594994389116718,0.055153975406033284,99.70388853023789,0.4
210,routine_05c,0.5370754166666667,38.66943,87.96063943330888,87.96063943330888,,118.72457045030407,0.6728585763838945,0.6133538746180032,0.5344180496378265,0.34855126760024735,0.7718827051235788,0.6346439322879208,0.18553954707194598,0.6133538746180032,0.48302717812455326,mixed,0.02129005766991765,0.5997576009223557,LAM_PE,contact_loss,"solid_diffusion,LLI,interface_R,SE_decomposition",1.0,1.0,0.4,"Mixed signals (PE=0.63, contact=0.61, NE_hyp=0.19, Δ=0.02).",1.3413045241883332,350.0,,2.39420852115196,,-14.441590632992485,0.9487515503101217,-0.064458535386092,2.1945852960893175,0.2594994389116718,0.0545859848318969,99.70066798157201,0.4
212,rpt_c3,0.35805919444444445,25.780262,92.71198492856942,,92.71198492856942,116.26388052048837,0.7315327925605782,0.46588258905495616,0.39921147413305236,0.2598726487381813,0.0,0.6286495944204338,0.14092948318912427,0.46588258905495616,0.20613000743414783,PE,0.1627670053654776,0.8035922593895859,LAM_PE,contact_loss,"LLI,interface_R,SE_decomposition,solid_diffusion",1.0,1.0,0.4,"PE activity/isolation pattern leads (PE=0.63, contact=0.47, NE_hyp=0.14). NCM82 secondary — not stoichiometric LAM%.",1.3413045241883332,350.0,,2.39420852115196,,-8.945973374466476,1.0,-0.021397437985529667,2.1945852960893175,0.2594994389116718,0.0733550018589841,99.38381241688231,0.4
213,rpt_c3,0.3580588472222222,25.780237,92.6921511830026,,92.6921511830026,111.25791504809439,0.724953239035722,0.46588258905495616,0.39896771480491144,0.21831500067929582,0.0,0.6237149292767915,0.17936479678615813,0.46588258905495616,0.18834683807007194,PE,0.15783234022183534,0.8387065953882118,LAM_PE,contact_loss,"LLI,interface_R,SE_decomposition,solid_diffusion",1.0,1.0,0.6,"PE activity/isolation pattern leads (PE=0.62, contact=0.47, NE_hyp=0.18). NCM82 secondary — not stoichiometric LAM%.",1.3413045241883332,350.0,0.0,2.39420852115196,,-8.862292058162469,1.0,-0.021397437985529667,2.1945852960893175,0.2594994389116718,0.07711580026616856,99.64797927197907,0.6
214,dcir_pulse,0.358066375,25.780779,18.53940530342168,,,22.252915782982715,0.988297383412049,0.7992159223882895,0.9999999992903321,0.44999999999999996,0.0,0.7712230375590368,0.3076981301194915,0.7992159223882895,0.6024995421230329,mixed,0.027992884829252773,0.5677375484511924,LAM_PE,contact_loss,"LLI,microshort,SE_decomposition,interface_R",1.0,1.0,0.6,"Mixed signals (PE=0.77, contact=0.80, NE_hyp=0.31, Δ=0.03).",1.3413045241883332,350.0,0.0,2.39420852115196,,,,-0.021397437985529667,2.1945852960893175,0.2594994389116718,0.09712623783627329,,0.6
215,dcir_pulse,1.074135138888889,77.33773,27.80813011823516,,,5519.365069259131,0.9987599933356343,0.6149058685669805,0.6785714282576959,0.605870114611344,0.5775179159563623,0.7490699950017257,0.1860090252415116,0.6149058685669805,0.5723918917641819,PE,0.13416412643474518,0.7097872212608041,LAM_PE,contact_loss,"microshort,LLI,interface_R,solid_diffusion",0.0,0.0,0.4,"PE activity/isolation pattern leads (PE=0.75, contact=0.61, NE_hyp=0.19). NCM82 secondary — not stoichiometric LAM%.",1.3413045241883332,350.0,0.0,2.374503249258265,1.4514880161091688,,,-0.021397437985529667,2.205963367546635,0.1351678487212252,0.019649570895196727,,0.4
216,dcir_pulse,1.074135138888889,77.33773,27.808125963120865,,,,0.7573291078315632,0.6149058685669805,0.33842896404073625,1.0,0.0,0.5679968308736724,0.1860090252415116,0.6149058685669805,0.44614298801357877,mixed,0.04690903769330812,0.5570908159632892,LAM_PE,contact_loss,"interface_R,LLI,solid_diffusion",0.0,0.0,0.4,"Mixed signals (PE=0.57, contact=0.61, NE_hyp=0.19, Δ=0.05).",1.3413045241883332,350.0,0.0,2.374503249258265,,,,-0.021397437985529667,2.205963367546635,0.1351678487212252,,,0.4
220,routine_05c,0.5370795833333334,38.66973,87.54407260480514,87.54407260480514,,118.18973731191862,0.6773805149972845,0.4646945643768009,0.5312538321469648,0.3545257635502331,0.8043416830853436,0.6080353862479634,0.1405701057239823,0.4646945643768009,0.4930326022198294,PE,0.11500278402813396,0.7637548720492344,LAM_PE,contact_loss,"solid_diffusion,LLI,interface_R,SE_decomposition",0.0,0.0,0.4,"PE activity/isolation pattern leads (PE=0.61, contact=0.46, NE_hyp=0.14). NCM82 secondary — not stoichiometric LAM%.",1.3413045241883332,350.0,,2.374503249258265,,-14.838468454234732,0.9444604692792858,-0.021397437985529667,2.205963367546635,0.1351678487212252,0.05373728138637332,99.70944029312713,0.4
230,routine_05c,0.5370781944444444,38.66963,87.06500454708006,87.06500454708006,,118.95298212282732,0.6773828759297635,0.47186146239905896,0.521917520740353,0.3566095454881343,0.8379224732896025,0.6080371569473226,0.14273809237571536,0.47186146239905896,0.49951821482094827,PE,0.10851894212637436,0.7524081487211551,LAM_PE,contact_loss,"solid_diffusion,LLI,interface_R,SE_decomposition",0.0,0.0,0.4,"PE activity/isolation pattern leads (PE=0.61, contact=0.47, NE_hyp=0.14). NCM82 secondary — not stoichiometric LAM%.",1.3413045241883332,350.0,,2.374503249258265,,-14.90555550413104,0.9392920914650819,-0.021397437985529667,2.205963367546635,0.1351678487212252,0.0531874707004522,100.0,0.4
240,routine_05c,0.5370783333333333,38.66964,86.56959026971954,86.56959026971954,,118.3156881551351,0.6773854942520228,0.46754204423964896,0.5281324729207364,0.36757964127743875,0.8670454859387555,0.5580391206890172,0.20143146838249384,0.46754204423964896,0.5134178825512428,mixed,0.04462123813777441,0.5968371667411052,LAM_PE,contact_loss,"solid_diffusion,LLI,interface_R,SE_decomposition",0.0,0.0,0.4,"Mixed signals (PE=0.56, contact=0.47, NE_hyp=0.20, Δ=0.04).",1.3413045241883332,350.0,,2.374503249258265,,-15.988839531005983,0.933947364095637,-0.021397437985529667,2.205963367546635,0.1351678487212252,0.05261078762556851,0.16155281152704504,0.4
250,routine_05c,0.5370824999999999,38.66994,86.08606377435623,86.08606377435623,,119.07650716689524,0.6773876229931278,0.4746942572092064,0.5369505469301391,0.38005180837310887,0.8907163772100088,0.6080407172448459,0.14359501280578496,0.4746942572092064,0.5243490555025421,PE,0.0836916617423038,0.7089604080490316,LAM_PE,contact_loss,"solid_diffusion,LLI,interface_R,SE_decomposition",0.0,0.0,0.4,"PE activity/isolation pattern leads (PE=0.61, contact=0.47, NE_hyp=0.14). NCM82 secondary — not stoichiometric LAM%.",1.3413045241883332,350.0,,2.374503249258265,,-16.698327238214606,0.9287308868730005,-0.021397437985529667,2.205963367546635,0.1351678487212252,0.05215682126098985,99.71316702130294,0.4
260,routine_05c,0.5370795833333334,38.66973,85.60700264182167,85.60700264182167,,119.88014160068951,0.6773895707968149,0.47570881057268,0.5294853281810006,0.3789663603103279,0.9102101541146668,0.6080421780976112,0.14390191519823572,0.47570881057268,0.5267391477806251,PE,0.08130303031698605,0.7047803030547255,LAM_PE,contact_loss,"solid_diffusion,LLI,interface_R,SE_decomposition",0.0,0.0,0.4,"PE activity/isolation pattern leads (PE=0.61, contact=0.48, NE_hyp=0.14). NCM82 secondary — not stoichiometric LAM%.",1.3413045241883332,350.0,,2.374503249258265,,-16.988745052784626,0.9235625837705215,-0.021397437985529667,2.205963367546635,0.1351678487212252,0.05163853718846595,100.0,0.4
270,routine_05c,0.5370768472222223,38.669533,85.15771013313262,85.15771013313262,,119.27891029504856,0.6773908083354613,0.47811941483886006,0.5496003060254635,0.3775333231850981,0.6780606838571662,0.608043106251596,0.1446311229887552,0.47811941483886006,0.47441074518817095,PE,0.1299236914127359,0.7898664599722878,LAM_PE,contact_loss,"solid_diffusion,LLI,interface_R,SE_decomposition",0.0,0.0,0.4,"PE activity/isolation pattern leads (PE=0.61, contact=0.48, NE_hyp=0.14). NCM82 secondary — not stoichiometric LAM%.",1.3413045241883332,350.0,,2.374503249258265,,-17.32952546700264,0.958724225445759,-0.021397437985529667,2.205963367546635,0.1351678487212252,0.05081408326885313,100.0,0.4
280,routine_05c,0.5370781944444444,38.66963,84.63253138704087,84.63253138704087,,120.01998734292083,0.6773927085603167,0.4787940465602766,0.5755315851646539,0.3776078663721987,0.7369482276262481,0.6080445314202375,0.1448351990844837,0.4787940465602766,0.4951443045223959,PE,0.11290022689784163,0.7600753970712228,LAM_PE,contact_loss,"solid_diffusion,LLI,interface_R,SE_decomposition",0.0,0.0,0.4,"PE activity/isolation pattern leads (PE=0.61, contact=0.48, NE_hyp=0.14). NCM82 secondary — not stoichiometric LAM%.",1.3413045241883332,350.0,,2.374503249258265,,-17.636520005350075,0.9528116476441689,-0.021397437985529667,2.205963367546635,0.1351678487212252,0.05039717399409974,100.0,0.4
290,routine_05c,0.5370810277777778,38.669834,84.12818361394666,84.12818361394666,,119.34632996089849,0.6773944429114799,0.48918567506093685,0.646654713665183,0.391494050109512,0.7846391299632927,0.6080458321836099,0.14797866670593343,0.48918567506093685,0.5291585669137753,PE,0.07888726526983458,0.7005527142222105,LAM_PE,contact_loss,"solid_diffusion,LLI,interface_R,SE_decomposition",0.0,0.0,0.4,"PE activity/isolation pattern leads (PE=0.61, contact=0.49, NE_hyp=0.15). NCM82 secondary — not stoichiometric LAM%.",1.3413045241883332,350.0,,2.374503249258265,,-16.580409632322656,0.9471335895169706,-0.021397437985529667,2.205963367546635,0.1351678487212252,0.049759996716860204,100.0,0.4
300,routine_05c,0.5370783333333333,38.66964,83.57621130584438,83.57621130584438,,120.05619199225809,0.6773959817813935,0.4747464711979737,0.5843524366941493,0.38982295847832993,0.8279594625281277,0.608046986336045,0.14361080753738706,0.4747464711979737,0.5242098673501983,PE,0.08383711898584678,0.7092149582252318,LAM_PE,contact_loss,"solid_diffusion,LLI,interface_R,SE_decomposition",0.0,0.0,0.4,"PE activity/isolation pattern leads (PE=0.61, contact=0.47, NE_hyp=0.14). NCM82 secondary — not stoichiometric LAM%.",1.3413045241883332,350.0,,2.374503249258265,,-18.85780667116208,0.9409193639028066,-0.021397437985529667,2.205963367546635,0.1351678487212252,0.04941180437305256,100.0,0.4
310,routine_05c,0.5370810277777778,38.669834,82.95433196980949,82.95433196980949,,120.69628327964526,0.6773972367088199,0.4789302300071571,0.6463240895769008,0.3872749435129638,0.8671906504088239,0.608047927531615,0.14487639457716506,0.4789302300071571,0.5482982308145692,mixed,0.059749696717045775,0.6670619692548301,LAM_PE,contact_loss,"solid_diffusion,LLI,interface_R,SE_decomposition",0.0,0.0,0.4,"Mixed signals (PE=0.61, contact=0.48, NE_hyp=0.14, Δ=0.06).",1.3413045241883332,350.0,,2.374503249258265,,-18.486821259765442,0.9339181095967821,-0.021397437985529667,2.205963367546635,0.1351678487212252,0.04902242027132114,100.0,0.4
317,rpt_c3,0.35805902083333335,25.7802495,88.82398908146766,,88.82398908146766,120.37346114891369,0.6712759242646017,0.32052766315560943,0.45060996097358264,0.3424691989244283,0.0,0.5834569431984513,0.09695961810457188,0.32052766315560943,0.24565373337107393,PE,0.2629292800428419,0.8687499999999999,LAM_PE,contact_loss,"LLI,interface_R,SE_decomposition,solid_diffusion",1.0,1.0,0.4,"PE activity/isolation pattern leads (PE=0.58, contact=0.32, NE_hyp=0.10). NCM82 secondary — not stoichiometric LAM%.",1.3413045241883332,350.0,,2.374503249258265,,-13.627394634125078,1.0,0.20726910812663302,2.205963367546635,0.1351678487212252,0.06728339536890572,99.96093002020237,0.4
318,rpt_c3,0.358060625,25.780365,89.00847615615362,,89.00847615615362,112.47748324851703,0.6773903873312421,0.33790598133346333,0.45928621576774314,0.31278934272501474,0.0,0.5580427904984316,0.10221655935337266,0.33790598133346333,0.23323977244734623,PE,0.2201368091649683,0.8687499999999999,LAM_PE,contact_loss,"LLI,interface_R,SE_decomposition,solid_diffusion",0.0,0.0,0.4,"PE activity/isolation pattern leads (PE=0.56, contact=0.34, NE_hyp=0.10). NCM82 secondary — not stoichiometric LAM%.",1.3413045241883332,350.0,0.0,2.374503249258265,,-13.409050477661232,1.0,0.20726910812663302,2.205963367546635,0.1351678487212252,0.07210596013909108,99.84735997975858,0.4
319,dcir_pulse,0.358066375,25.780779,17.802470160046692,,,22.494597918341285,0.987815316588712,0.6149058685669805,0.9999999995369558,0.44999999999999,0.0,0.770861487441534,0.23673875939828748,0.6149058685669805,0.6024990615463844,PE,0.15595561887455356,0.7916723330304687,LAM_PE,contact_loss,"LLI,microshort,SE_decomposition,interface_R",1.0,1.0,0.6,"PE activity/isolation pattern leads (PE=0.77, contact=0.61, NE_hyp=0.24). NCM82 secondary — not stoichiometric LAM%.",1.3413045241883332,350.0,0.0,2.374503249258265,,,,0.20726910812663302,2.205963367546635,0.1351678487212252,0.09234963651118994,,0.6
320,dcir_pulse,1.074135138888889,77.33773,26.703221515514226,,,5248.4246238716505,0.9987565422303766,0.5255738604159153,0.6785714283330472,0.598881351044415,0.5580086960601623,0.7490674066727825,0.15898609277581438,0.5255738604159153,0.5670922950874978,PE,0.18197511158528468,0.7934564452742481,LAM_PE,contact_loss,"microshort,LLI,interface_R,solid_diffusion",0.0,0.0,0.4,"PE activity/isolation pattern leads (PE=0.75, contact=0.53, NE_hyp=0.16). NCM82 secondary — not stoichiometric LAM%.",1.3413045241883332,350.0,0.0,2.4003228175518108,1.4966219575652084,,,0.20726910812663302,2.202565589565132,0.0890332394708159,0.01683909934851372,,0.4
321,dcir_pulse,1.074135138888889,77.33773,26.703221515514226,,,,0.4426228417564451,0.5255738604159153,0.4528879756358711,1.0,0.0,0.33196713131733385,0.15898609277581438,0.5255738604159153,0.48429599187862366,mixed,0.041277868537291595,0.5472362699402602,LAM_PE,contact_loss,"interface_R,LLI,solid_diffusion",0.0,0.0,0.4,"Mixed signals (PE=0.33, contact=0.53, NE_hyp=0.16, Δ=0.04).",1.3413045241883332,350.0,0.0,2.4003228175518108,,,,0.20726910812663302,2.202565589565132,0.0890332394708159,,,0.4
330,routine_05c,0.5370789583333333,38.669685,81.95009209118315,81.95009209118315,,120.81622260133767,0.6773991340523274,0.40276967761650107,0.6957174529159671,0.39385877219846327,0.9195341821151368,0.6080493505392456,0.12183782747899159,0.40276967761650107,0.575231253320144,mixed,0.03281809721910156,0.6199316701334276,LAM_PE,contact_loss,"solid_diffusion,LLI,interface_R,SE_decomposition",0.0,0.0,0.4,"Mixed signals (PE=0.61, contact=0.40, NE_hyp=0.12, Δ=0.03).",1.3413045241883332,350.0,,2.4003228175518108,,-17.74228757625631,0.9206998662398459,0.20726910812663302,2.202565589565132,0.0890332394708159,0.0476081441967269,100.0,0.4
340,routine_05c,0.5370781944444444,38.66963,81.11396675188344,81.11396675188344,,121.17263311222104,0.6774009405178276,0.3821989565044145,0.6682461014106842,0.3710914918101267,0.9440329186837133,0.6080507053883707,0.1156151843425854,0.3821989565044145,0.568741590668028,mixed,0.03930911472034271,0.6312909507605997,LAM_PE,contact_loss,"solid_diffusion,LLI,interface_R,SE_decomposition",0.0,0.0,0.4,"Mixed signals (PE=0.61, contact=0.38, NE_hyp=0.12, Δ=0.04).",1.3413045241883332,350.0,,2.4003228175518108,,,0.9113060941474798,0.20726910812663302,2.202565589565132,0.0890332394708159,0.04748522523844668,100.0,0.4
350,routine_05c,0.5370767361111111,38.669525,80.26299103409437,80.26299103409437,,121.51921816727287,0.6774026025514083,0.37121194440168087,0.6888142141499105,0.3618240338646466,0.9614763666070298,0.6080519519135562,0.11229161318150847,0.37121194440168087,0.5749822967534799,mixed,0.03306965516007632,0.6203718965301335,LAM_PE,contact_loss,"solid_diffusion,LLI,interface_R,SE_decomposition",0.0,0.0,0.4,"Mixed signals (PE=0.61, contact=0.37, NE_hyp=0.11, Δ=0.03).",1.3413045241883332,350.0,,2.4003228175518108,,,0.901745479759518,0.20726910812663302,2.202565589565132,0.0890332394708159,0.047289352283804084,100.0,0.4
360,routine_05c,0.5370810277777778,38.669834,79.31825793232093,79.31825793232093,,105.63650281993462,0.5833141804863744,0.3474724688047713,0.7043776060333485,0.5670370884044506,0.9746342723156469,0.5374856353647808,0.13377690048983695,0.3474724688047713,0.6441435105523179,shared,0.10665787518753711,0.79290128157819,LAM_PE,contact_loss,"solid_diffusion,LLI,interface_R,SE_decomposition",0.0,0.0,0.6,"Shared modes lead (shared=0.64): solid_diffusion, LLI, interface_R, SE_decomposition.",1.3413045241883332,350.0,,2.4003228175518108,,,0.8911315119378914,0.20726910812663302,2.202565589565132,0.0890332394708159,0.044488191032901664,100.0,0.6
370,routine_05c,0.5370824999999999,38.66994,78.33336426585086,78.33336426585086,,122.66615428553978,0.6760538234032778,0.3314956988697545,0.7079980901533206,0.3468629593182331,0.9836318316673616,0.5570403675524584,0.10027744890810075,0.3314956988697545,0.5786016496946047,mixed,0.021561282142146254,0.556482243748756,LAM_PE,contact_loss,"solid_diffusion,LLI,interface_R,SE_decomposition",0.0,0.0,0.4,"Mixed signals (PE=0.56, contact=0.33, NE_hyp=0.10, Δ=0.02).",1.3413045241883332,350.0,,2.4003228175518108,,,0.8800663447874931,0.20726910812663302,2.202565589565132,0.0890332394708159,0.04730685251679917,100.0,0.4
380,routine_05c,0.5370797222222222,38.66974,77.26216749044114,77.26216749044114,,121.94273590088136,0.5833179926770736,0.31051835027602787,0.7058132964526331,0.34668054528488396,0.510494964779956,0.48748849450780524,0.09393180095849846,0.31051835027602787,0.45968935552124857,mixed,0.02779913898655667,0.5673984932264742,LAM_PE,contact_loss,"LLI,solid_diffusion,interface_R,SE_decomposition",0.0,0.0,0.4,"Mixed signals (PE=0.49, contact=0.31, NE_hyp=0.09, Δ=0.03).",1.3413045241883332,350.0,,2.4003228175518108,,,0.9718300520257789,0.20726910812663302,2.202565589565132,0.0890332394708159,0.046801507261904234,100.0,0.4
390,routine_05c,0.5370797222222222,38.66974,76.13299579031519,76.13299579031519,,123.60931492691469,0.6763961000963925,0.30639341077758864,0.6963155616226622,0.3364123243817978,0.6897407831356771,0.5572970750722944,0.09268400676022058,0.30639341077758864,0.4975173454291417,mixed,0.0597797296431527,0.6233645268755172,LAM_PE,contact_loss,"LLI,solid_diffusion,interface_R,SE_decomposition",0.0,0.0,0.4,"Mixed signals (PE=0.56, contact=0.31, NE_hyp=0.09, Δ=0.06).",1.3413045241883332,350.0,,2.4003228175518108,,,0.9576269429528266,0.20726910812663302,2.202565589565132,0.0890332394708159,0.0463393214999819,100.0,0.4
400,routine_05c,0.5370795833333334,38.66973,75.07817432034103,75.07817432034103,,123.69408077206413,0.6771314309657663,0.3035866675844961,0.6566546180329228,0.3303546019148737,0.8050567001121962,0.5078485732243248,0.09183496694431008,0.3035866675844961,0.5137119974412514,mixed,0.005863424216926649,0.4852609923796216,LAM_PE,contact_loss,"solid_diffusion,LLI,interface_R,SE_decomposition",0.0,0.0,0.4,"Mixed signals (PE=0.51, contact=0.30, NE_hyp=0.09, Δ=0.01).",1.3413045241883332,350.0,,2.4003228175518108,,,0.9443590365849431,0.20726910812663302,2.202565589565132,0.0890332394708159,0.04607040703578017,0.0,0.4
410,routine_05c,0.5370767361111111,38.669525,74.10071553838232,74.10071553838232,,123.91042775608774,0.6770794090940713,0.2729019957022412,0.6553463080326691,0.32303567795956295,0.876094812752235,0.5078095568205534,0.08255285369992799,0.2729019957022412,0.527859249280348,mixed,0.0200496924597946,0.5100869618046405,LAM_PE,contact_loss,"solid_diffusion,LLI,interface_R,SE_decomposition",0.0,0.0,0.4,"Mixed signals (PE=0.51, contact=0.27, NE_hyp=0.08, Δ=0.02).",1.3413045241883332,350.0,,2.4003228175518108,,,0.9320642246507385,0.20726910812663302,2.202565589565132,0.0890332394708159,0.04599438856995317,0.0,0.4
420,routine_05c,0.5370797222222222,38.66974,73.19019980282597,73.19019980282597,,124.24257542810923,0.677262517682138,0.2847156550949456,0.6236109752476031,0.3148012690923856,0.9198068827796297,0.5079468882616035,0.08612648566622107,0.2847156550949456,0.527157306883504,mixed,0.019210418621900538,0.508618232588326,LAM_PE,contact_loss,"solid_diffusion,LLI,interface_R,SE_decomposition",0.0,0.0,0.4,"Mixed signals (PE=0.51, contact=0.28, NE_hyp=0.09, Δ=0.02).",1.3413045241883332,350.0,,2.4003228175518108,,,0.9206114453229325,0.20726910812663302,2.202565589565132,0.0890332394708159,0.045921601131272215,0.0,0.4
422,rpt_c3,0.35806027777777777,25.78034,79.50172700400469,,79.50172700400469,123.70823030221135,0.9898823347103264,0.2470962261871258,0.5326640690473663,0.27723332422354235,0.0,0.7424117510327448,0.07474660842160558,0.2470962261871258,0.24028434018410483,PE,0.495315524845619,0.825,LAM_PE,contact_loss,"LLI,interface_R,SE_decomposition,solid_diffusion",0.0,0.0,0.4,"PE activity/isolation pattern leads (PE=0.74, contact=0.25, NE_hyp=0.07). NCM82 secondary — not stoichiometric LAM%.",1.3413045241883332,350.0,,2.4003228175518108,,-19.88125034755481,1.0,0.9514668591209151,2.202565589565132,0.0890332394708159,0.06481900289864899,0.0,0.4
423,rpt_c3,0.35805902083333335,25.7802495,80.26542593107109,,80.26542593107109,116.2772208491989,0.674611252090227,0.2596830376362922,0.5020490112190613,0.2538734935284464,0.0,0.5559584390676703,0.0785541188849784,0.2596830376362922,0.22163275410266534,PE,0.2962754014313781,0.8687499999999999,LAM_PE,contact_loss,"LLI,interface_R,SE_decomposition,solid_diffusion",0.0,0.0,0.4,"PE activity/isolation pattern leads (PE=0.56, contact=0.26, NE_hyp=0.08). NCM82 secondary — not stoichiometric LAM%.",1.3413045241883332,350.0,0.0,2.4003228175518108,,,1.0,0.9514668591209151,2.202565589565132,0.0890332394708159,0.06846375648582681,100.0,0.4
424,dcir_pulse,0.358066375,25.780779,16.053874103914975,,,23.05729831906428,0.9967887288209468,0.5255738604159153,0.9999999997123327,0.449999908894049,0.0,0.7475915466157101,0.20234593626012737,0.5255738604159153,0.6024857054801925,PE,0.1451058411355176,0.7726852219871558,LAM_PE,contact_loss,"LLI,microshort,SE_decomposition,interface_R",0.0,0.0,0.6,"PE activity/isolation pattern leads (PE=0.75, contact=0.53, NE_hyp=0.20). NCM82 secondary — not stoichiometric LAM%.",1.3413045241883332,350.0,0.0,2.4003228175518108,,,,0.9514668591209151,2.202565589565132,0.0890332394708159,0.0861829742012696,,0.6
425,dcir_pulse,1.074135138888889,77.33773,24.079825008746518,,,5324.194205321843,0.9997549295378654,0.46568993845874385,0.6785714282030699,0.5860040493000273,0.35277465364759575,0.749816197153399,0.14087120638377004,0.46568993845874385,0.5234700262301073,PE,0.22634617092329168,0.825,LAM_PE,contact_loss,"microshort,LLI,interface_R,solid_diffusion",0.0,0.0,0.4,"PE activity/isolation pattern leads (PE=0.75, contact=0.47, NE_hyp=0.14). NCM82 secondary — not stoichiometric LAM%.",1.3413045241883332,350.0,0.0,2.7289808613729627,1.4772311263354931,,,0.9514668591209151,2.1756315549425875,0.06036206421679177,0.015936099670419434,,0.4
426,dcir_pulse,1.074135138888889,77.33773,24.079825008746518,,,,0.9999729271159846,0.46568993845874385,0.4723449449473492,0.9999999999979821,0.0,0.7499796953369885,0.14087120638377004,0.46568993845874385,0.4907816483151104,PE,0.2591980470218781,0.825,LAM_PE,contact_loss,"interface_R,LLI,solid_diffusion",0.0,0.0,0.4,"PE activity/isolation pattern leads (PE=0.75, contact=0.47, NE_hyp=0.14). NCM82 secondary — not stoichiometric LAM%.",1.3413045241883332,350.0,0.0,2.7289808613729627,,,,0.9514668591209151,2.1756315549425875,0.06036206421679177,,,0.4
430,routine_05c,0.5370797222222222,38.66974,73.7481222345983,73.7481222345983,,124.78592035172169,0.676939990250799,0.24680945180422775,0.6612569949137019,0.3339736504357543,0.9251934269404923,0.5077049926880992,0.07465985917077891,0.24680945180422775,0.5465212326477792,mixed,0.03881623995967998,0.54292841992944,LAM_PE,contact_loss,"solid_diffusion,LLI,interface_R,SE_decomposition",0.0,0.0,0.4,"Mixed signals (PE=0.51, contact=0.25, NE_hyp=0.07, Δ=0.04).",1.3413045241883332,350.0,,2.7289808613729627,,,0.9188031008261316,0.9514668591209151,2.1756315549425875,0.06036206421679177,0.045331003277534254,0.0,0.4
440,routine_05c,0.5370783333333333,38.66964,72.3332407204525,72.3332407204525,,124.67865685644483,0.6768864186940131,0.22993562654413865,0.5991651003881578,0.32071740451572406,0.9623282821023785,0.5076648140205098,0.06955552702960197,0.22993562654413865,0.5343317260586693,mixed,0.026666912038159518,0.5216670960667791,LAM_PE,contact_loss,"solid_diffusion,LLI,interface_R,SE_decomposition",0.0,0.0,0.4,"Mixed signals (PE=0.51, contact=0.23, NE_hyp=0.07, Δ=0.03).",1.3413045241883332,350.0,,2.7289808613729627,,,0.9011755669566813,0.9514668591209151,2.1756315549425875,0.06036206421679177,0.04550421784861624,0.0,0.4
450,routine_05c,0.5370795833333334,38.66973,71.39746050494611,71.39746050494611,,124.99085283665356,0.677412813784547,0.22486806028354503,0.5498681136565735,0.31111604392562686,0.9762017561406874,0.5080596103384103,0.06802258823577238,0.22486806028354503,0.5211661462568409,mixed,0.013106535918430584,0.4979364378572535,LAM_PE,contact_loss,"solid_diffusion,LLI,interface_R,SE_decomposition",0.0,0.0,0.4,"Mixed signals (PE=0.51, contact=0.22, NE_hyp=0.07, Δ=0.01).",1.3413045241883332,350.0,,2.7289808613729627,,,0.8895169953531369,0.9514668591209151,2.1756315549425875,0.06036206421679177,0.04541551445623837,0.0,0.4
460,routine_05c,0.5370797222222222,38.66974,70.60448602759716,70.60448602759716,,125.55951331942923,0.6772415470114662,0.22968745168078522,0.5043893122799235,0.30271181062872804,0.9839079144084867,0.5079311602585996,0.06948045413343754,0.22968745168078522,0.5079506307611339,mixed,1.947050253425786e-05,0.47503407337943493,LAM_PE,contact_loss,"solid_diffusion,LLI,interface_R,SE_decomposition",0.0,0.0,0.4,"Mixed signals (PE=0.51, contact=0.23, NE_hyp=0.07, Δ=0.00).",1.3413045241883332,350.0,,2.7289808613729627,,,0.8796375925075091,0.9514668591209151,2.1756315549425875,0.06036206421679177,0.04522672101415893,0.0,0.4
470,routine_05c,0.5370810277777778,38.669834,69.9037509324769,69.9037509324769,,126.31049939145483,0.6772922008194898,0.22958806038186438,0.4714709754823699,0.2939712865476768,0.9886241457476392,0.5079691506146173,0.06945038826551399,0.22958806038186438,0.49697680097378905,mixed,0.010992349640828292,0.4942366118714495,LAM_PE,contact_loss,"solid_diffusion,LLI,interface_R,SE_decomposition",0.0,0.0,0.4,"Mixed signals (PE=0.51, contact=0.23, NE_hyp=0.07, Δ=0.01).",1.3413045241883332,350.0,,2.7289808613729627,,,0.8709073691642475,0.9514668591209151,2.1756315549425875,0.06036206421679177,0.04509151375515379,0.0,0.4
480,routine_05c,0.5370768472222223,38.669533,69.26104616359682,69.26104616359682,,125.20223124994772,0.6774141825280527,0.22959476506247,0.4709125979826037,0.2938204454573323,0.6709583061171013,0.5080606368960395,0.06945241643139718,0.22959476506247,0.4173530396108879,PE,0.09070759728515165,0.6337382952490154,LAM_PE,contact_loss,"solid_diffusion,LLI,interface_R,SE_decomposition",0.0,0.0,0.4,"PE activity/isolation pattern leads (PE=0.51, contact=0.23, NE_hyp=0.07). NCM82 secondary — not stoichiometric LAM%.",1.3413045241883332,350.0,,2.7289808613729627,,,0.959375797375878,0.9514668591209151,2.1756315549425875,0.06036206421679177,0.04464042360288606,0.0,0.4
490,routine_05c,0.5370767916666667,38.669529,68.64957954398452,68.64957954398452,,126.10065904448777,0.6865838088130211,0.22997976822721108,0.47093178700120447,0.2854459747454734,0.7538784961712742,0.5149378566097658,0.06956887988873137,0.22997976822721108,0.4343288890027356,PE,0.08060896760703018,0.6160656933123028,LAM_PE,contact_loss,"solid_diffusion,LLI,interface_R,SE_decomposition",0.0,0.0,0.4,"PE activity/isolation pattern leads (PE=0.51, contact=0.23, NE_hyp=0.07). NCM82 secondary — not stoichiometric LAM%.",1.3413045241883332,350.0,,2.7289808613729627,,,0.9509060108471897,0.9514668591209151,2.1756315549425875,0.06036206421679177,0.04442968432742127,0.0,0.4
500,routine_05c,0.5370789583333333,38.669685,68.08869451572004,68.08869451572004,,127.13451983211883,0.786731171441484,0.23007347944229767,0.4704659508247545,0.27753362380086355,0.8134903408990984,0.590048378581113,0.06959722753129505,0.23007347944229767,0.44556382452339627,PE,0.14448455405771676,0.7278479696010043,LAM_PE,contact_loss,"solid_diffusion,LLI,interface_R,SE_decomposition",0.0,0.0,0.4,"PE activity/isolation pattern leads (PE=0.59, contact=0.23, NE_hyp=0.07). NCM82 secondary — not stoichiometric LAM%.",1.3413045241883332,350.0,,2.7289808613729627,,,0.9431368599170057,0.9514668591209151,2.1756315549425875,0.06036206421679177,0.044198243395362574,0.0,0.4
510,routine_05c,0.5370797222222222,38.66974,67.56498806512671,67.56498806512671,,126.20512829799928,0.8470805988828021,0.2298771232924808,0.47045911409436475,0.27794433394073065,0.85710875923563,0.6353104491621016,0.06953782979597545,0.2298771232924808,0.45665107277180395,PE,0.1786593763902976,0.7876539086830208,LAM_PE,contact_loss,"solid_diffusion,LLI,interface_R,SE_decomposition",0.0,0.0,0.4,"PE activity/isolation pattern leads (PE=0.64, contact=0.23, NE_hyp=0.07). NCM82 secondary — not stoichiometric LAM%.",1.3413045241883332,350.0,,2.7289808613729627,,,0.9358826914997094,0.9514668591209151,2.1756315549425875,0.06036206421679177,0.04372339484485198,0.0,0.4
520,routine_05c,0.5370754166666667,38.66943,67.06361396882944,67.06361396882944,,127.35267182447086,0.8773705494487792,0.2553824513679344,0.46955805761910574,0.26849190493243696,0.8898578958347807,0.6580279120865844,0.07725319153880018,0.2553824513679344,0.460370241145645,PE,0.1976576709409394,0.8209009241466438,LAM_PE,contact_loss,"solid_diffusion,LLI,interface_R,SE_decomposition",0.0,0.0,0.4,"PE activity/isolation pattern leads (PE=0.66, contact=0.26, NE_hyp=0.08). NCM82 secondary — not stoichiometric LAM%.",1.3413045241883332,350.0,,2.7289808613729627,,,0.9289378617568458,0.9514668591209151,2.1756315549425875,0.06036206421679177,0.04352231683534379,0.0,0.4
527,rpt_c3,0.35806027777777777,25.78034,72.1938643366263,,72.1938643366263,125.0747852149909,0.9848603028913095,0.21010527141403174,0.47183426593088096,0.23861082981714904,0.0,0.7386452271684821,0.0635568446027446,0.21010527141403174,0.202152508625761,PE,0.5285399557544503,0.825,LAM_PE,contact_loss,"LLI,interface_R,SE_decomposition,solid_diffusion",0.0,0.0,0.4,"PE activity/isolation pattern leads (PE=0.74, contact=0.21, NE_hyp=0.06). NCM82 secondary — not stoichiometric LAM%.",1.3413045241883332,350.0,,2.7289808613729627,,,1.0,0.6957740935691875,2.1756315549425875,0.06036206421679177,0.062467228056273263,0.0,0.4
528,rpt_c3,0.3580577361111111,25.780157,72.69968994537132,,72.69968994537132,118.60721386326713,0.8386279130592843,0.22173431744582459,0.4686547630903692,0.2044900490714452,0.0,0.6289709347944632,0.06707463102736194,0.22173431744582459,0.18644732064918595,PE,0.4072366173486386,0.825,LAM_PE,contact_loss,"LLI,interface_R,SE_decomposition,solid_diffusion",0.0,0.0,0.4,"PE activity/isolation pattern leads (PE=0.63, contact=0.22, NE_hyp=0.07). NCM82 secondary — not stoichiometric LAM%.",1.3413045241883332,350.0,0.0,2.7289808613729627,,,1.0,0.6957740935691875,2.1756315549425875,0.06036206421679177,0.06593219587212629,0.0,0.4
529,dcir_pulse,1.074135138888889,77.33773,14.54033494099322,,,23.494462161648038,0.9989917969464507,0.46568993845874385,0.9999999995656619,0.4496147807890965,0.0,0.749243847709838,0.17929062630661638,0.46568993845874385,0.6024222797524664,PE,0.14682156795737156,0.7756877439254002,LAM_PE,contact_loss,"LLI,microshort,SE_decomposition,interface_R",0.0,0.0,0.6,"PE activity/isolation pattern leads (PE=0.75, contact=0.47, NE_hyp=0.18). NCM82 secondary — not stoichiometric LAM%.",1.3413045241883332,350.0,0.0,2.7289808613729627,,,,0.6957740935691875,2.1756315549425875,0.06036206421679177,0.08114805944559042,,0.6
530,dcir_pulse,1.074135138888889,77.33773,21.810495486299338,,,3933.853859605296,0.9999721428292425,0.4168943499373987,0.6785714279367697,0.5904102604522955,0.2940745546356368,0.7499791071219319,0.12611054085606313,0.4168943499373987,0.5126112486013972,PE,0.23736785852053477,0.825,LAM_PE,contact_loss,"microshort,LLI,interface_R,solid_diffusion",0.0,0.0,0.4,"PE activity/isolation pattern leads (PE=0.75, contact=0.42, NE_hyp=0.13). NCM82 secondary — not stoichiometric LAM%.",1.3413045241883332,350.0,0.0,3.22706646945478,1.5478200997231657,,,0.6957740935691875,2.120567461074124,0.03780125254134514,0.013073925142229105,,0.4
531,dcir_pulse,1.074135138888889,77.33773,21.810495486299338,,,,0.7917923728855025,0.4168943499373166,0.4734495162833578,0.0,0.0,0.5938442796641269,0.1261105408560383,0.4168943499373166,0.15781650542778594,PE,0.17694992972681028,0.7846623770219179,LAM_PE,contact_loss,"LLI,interface_R,solid_diffusion",0.0,0.0,0.4,"PE activity/isolation pattern leads (PE=0.59, contact=0.42, NE_hyp=0.13). NCM82 secondary — not stoichiometric LAM%.",1.3413045241883332,350.0,0.0,3.22706646945478,,,,0.6957740935691875,2.120567461074124,0.03780125254134514,,,0.4
540,routine_05c,0.5370810277777778,38.669834,66.68722017036522,66.68722017036522,,126.68636448551412,0.8506847531649988,0.18648819212480464,0.4684482063861148,0.27639531487041746,0.9294121776004527,0.638013564873749,0.05641267811775341,0.18648819212480464,0.4735289021032497,PE,0.16448466277049933,0.7628481598483738,LAM_PE,contact_loss,"solid_diffusion,LLI,interface_R,SE_decomposition",0.0,0.0,0.4,"PE activity/isolation pattern leads (PE=0.64, contact=0.19, NE_hyp=0.06). NCM82 secondary — not stoichiometric LAM%.",1.3413045241883332,350.0,,3.22706646945478,,,0.9172971744511698,0.6957740935691875,2.120567461074124,0.03780125254134514,0.04270333699952559,0.0,0.4
550,routine_05c,0.5370783333333333,38.66964,66.08020921831496,66.08020921831496,,127.66292492247379,0.8980681641787857,0.17808780085835743,0.466014611514301,0.26559248213069403,0.9489427967716026,0.6735511231340893,0.05387155975965313,0.17808780085835743,0.4729541593915033,PE,0.20059696374258595,0.825,LAM_PE,contact_loss,"solid_diffusion,LLI,interface_R,SE_decomposition",0.0,0.0,0.4,"PE activity/isolation pattern leads (PE=0.67, contact=0.18, NE_hyp=0.05). NCM82 secondary — not stoichiometric LAM%.",1.3413045241883332,350.0,,3.22706646945478,,,0.9089476071764485,0.6957740935691875,2.120567461074124,0.03780125254134514,0.04255108181396248,0.0,0.4
560,routine_05c,0.5370781944444444,38.66963,65.59669241821835,65.59669241821835,,128.92592629594347,0.919295921466382,0.21800739945683492,0.40359727119301153,0.25462437798782916,0.9606343928803805,0.6894719410997865,0.06594723833569258,0.21800739945683492,0.45534954022879404,PE,0.23412240087099245,0.825,LAM_PE,contact_loss,"solid_diffusion,LLI,interface_R,SE_decomposition",0.0,0.0,0.4,"PE activity/isolation pattern leads (PE=0.69, contact=0.22, NE_hyp=0.07). NCM82 secondary — not stoichiometric LAM%.",1.3413045241883332,350.0,,3.22706646945478,,,0.9022967287413417,0.6957740935691875,2.120567461074124,0.03780125254134514,0.042408315677819115,0.0,0.4
561,routine_05c,0.5370795833333334,38.66973,65.5580138442868,65.5580138442868,,128.85085669084418,0.9199491465366632,0.21151992935181105,0.46663700060827024,0.254934837787177,0.9614473142009129,0.6899618599024974,0.06398477862892285,0.21151992935181105,0.4714520570272218,PE,0.21850980287527555,0.825,LAM_PE,contact_loss,"solid_diffusion,LLI,interface_R,SE_decomposition",0.0,0.0,0.4,"PE activity/isolation pattern leads (PE=0.69, contact=0.21, NE_hyp=0.06). NCM82 secondary — not stoichiometric LAM%.",1.3413045241883332,350.0,,3.22706646945478,,,0.9017646965695318,0.6957740935691875,2.120567461074124,0.03780125254134514,0.04237383590240436,0.0,0.4
562,routine_05c,0.5370754166666667,38.66943,65.5089142437041,65.5089142437041,,128.7557700132067,0.9206287933674777,0.22305852264117382,0.42498976926993076,0.25433589679293084,0.9624555841866015,0.6904715950256083,0.06747520309895509,0.22305852264117382,0.4610234738564145,PE,0.22944812116919377,0.825,LAM_PE,contact_loss,"solid_diffusion,LLI,interface_R,SE_decomposition",0.0,0.0,0.4,"PE activity/isolation pattern leads (PE=0.69, contact=0.22, NE_hyp=0.07). NCM82 secondary — not stoichiometric LAM%.",1.3413045241883332,350.0,,3.22706646945478,,,0.9010893209163535,0.6957740935691875,2.120567461074124,0.03780125254134514,0.042340865213792496,0.0,0.4
563,routine_05c,0.5370781944444444,38.66963,65.47023843984876,65.47023843984876,,128.68221304431341,0.9212554044681941,0.21476133786998092,0.25495441757493853,0.25465070191507533,0.963231547187122,0.6909415533511456,0.06496530470566923,0.21476133786998092,0.41884993125466824,PE,0.27209162209647736,0.825,LAM_PE,contact_loss,"solid_diffusion,LLI,interface_R,SE_decomposition",0.0,0.0,0.4,"PE activity/isolation pattern leads (PE=0.69, contact=0.21, NE_hyp=0.06). NCM82 secondary — not stoichiometric LAM%.",1.3413045241883332,350.0,,3.22706646945478,,,0.9005573268475425,0.6957740935691875,2.120567461074124,0.03780125254134514,0.04230098581326749,0.0,0.4
564,routine_05c,0.5370797222222222,38.66974,65.4255986619424,65.4255986619424,,128.59663673517744,0.932531522946032,0.2147429661733299,0.4547012963813699,0.2545242798554684,0.9641076147851915,0.699398642209524,0.06495974726743231,0.2147429661733299,0.4689489215904017,PE,0.23044972061912228,0.825,LAM_PE,contact_loss,"solid_diffusion,LLI,interface_R,SE_decomposition",0.0,0.0,0.4,"PE activity/isolation pattern leads (PE=0.70, contact=0.21, NE_hyp=0.06). NCM82 secondary — not stoichiometric LAM%.",1.3413045241883332,350.0,,3.22706646945478,,,0.8999432970223822,0.6957740935691875,2.120567461074124,0.03780125254134514,0.04225258951219535,0.0,0.4
