arm,cell_id,tagged_cycle,raw_cycle,dchg_dVdQ_SOC0,dchg_dVdQ_SOC0_Q,BP1_tagged,BP2_tagged,SOC0_inc_pct_vs_t1
set4_SJ900,M01Ch024,1,12,-0.0897621875414146,68.77332100000007,221.0,366.0,0.0
set4_SJ900,M01Ch024,2,13,-0.0892842862262817,68.74110100000009,221.0,366.0,-0.5324082759373461
set4_SJ900,M01Ch024,3,14,-0.08891553750063211,68.67664898,221.0,366.0,-0.943214580629359
set4_SJ900,M01Ch024,4,15,-0.08836166847160762,68.57782900000002,221.0,366.0,-1.560255056351889
set4_SJ900,M01Ch024,5,16,-0.0881516070602086,68.53701498000002,221.0,366.0,-1.7942749896362686
set4_SJ900,M01Ch024,6,17,-0.08746892462314666,68.53808898000005,221.0,366.0,-2.55482066678675
set4_SJ900,M01Ch024,7,18,-0.08776438466433169,68.447852,221.0,366.0,-2.2256619761647056
set4_SJ900,M01Ch024,8,19,-0.08755635663361959,68.41024700000006,221.0,366.0,-2.4574166118414675
set4_SJ900,M01Ch024,9,20,-0.08734310826037466,68.38125398000003,221.0,366.0,-2.694986995413662
set4_SJ900,M01Ch024,10,21,-0.08715138551043308,68.35009597000001,221.0,366.0,-2.9085766540359104
set4_SJ900,M01Ch024,11,22,-0.08694694465002359,68.30391598000003,221.0,366.0,-3.136334985254352
set4_SJ900,M01Ch024,12,23,-0.08667821238099636,68.27598198,221.0,366.0,-3.4357174717866035
set4_SJ900,M01Ch024,13,24,-0.08644133767700005,68.24482598000004,221.0,366.0,-3.6996088836208196
set4_SJ900,M01Ch024,14,25,-0.08623137226397534,68.22334198000004,221.0,366.0,-3.9335218694511065
set4_SJ900,M01Ch024,15,26,-0.08595891912754802,68.18575200000006,221.0,366.0,-4.237049606341003
set4_SJ900,M01Ch024,16,27,-0.08571594035706193,68.13849297000003,221.0,366.0,-4.507741283027233
set4_SJ900,M01Ch024,17,28,-0.08540174873288894,68.11271700000005,221.0,366.0,-4.857767984446493
set4_SJ900,M01Ch024,18,29,-0.08522542885905222,68.09553100000001,221.0,366.0,-5.054197994304898
set4_SJ900,M01Ch024,19,30,-0.08498173792913757,68.08048600000001,221.0,366.0,-5.325683055653496
set4_SJ900,M01Ch024,20,31,-0.08467528561104545,68.0536339800001,221.0,366.0,-5.66708774563025
set4_SJ900,M01Ch024,21,32,-0.08372256570329574,68.05363100000004,221.0,366.0,-6.728469975547657
set4_SJ900,M01Ch024,22,33,-0.08359943212108557,68.05148200000004,221.0,366.0,-6.865647539489439
set4_SJ900,M01Ch024,23,34,-0.08406103784122729,67.98059798000006,221.0,366.0,-6.351393450117193
set4_SJ900,M01Ch024,24,35,-0.08356797471567892,67.91937100000008,221.0,366.0,-6.900692814418974
set4_SJ900,M01Ch024,25,36,-0.08369064518621226,67.93117400000007,221.0,366.0,-6.764031182284902
set4_SJ900,M01Ch024,26,37,-0.0834340973246489,67.93117197000005,221.0,366.0,-7.0498395706388495
set4_SJ900,M01Ch024,27,38,-0.08332438830950473,67.87424598000011,221.0,366.0,-7.172061430588017
set4_SJ900,M01Ch024,28,39,-0.0823148234107717,67.84632497999998,221.0,366.0,-8.296772098169757
set4_SJ900,M01Ch024,29,40,-0.082206624953434,67.78723998000005,221.0,366.0,-8.41731111387476
set4_SJ900,M01Ch024,30,41,-0.08167440337402246,67.79907300000004,221.0,366.0,-9.010235143456802
set4_SJ900,M01Ch024,31,42,-0.08199741888816112,67.77434698,221.0,366.0,-8.650378144662485
set4_SJ900,M01Ch024,32,43,-0.08148380889324609,67.77757198000003,221.0,366.0,-9.222567848348195
set4_SJ900,M01Ch024,33,44,-0.08144776990230784,67.72600898000002,221.0,366.0,-9.262717260840637
set4_SJ900,M01Ch024,34,45,-0.08086349227467673,67.65834596000005,221.0,366.0,-9.913634583194819
set4_SJ900,M01Ch024,35,46,-0.08084607948272868,67.67659700000007,221.0,366.0,-9.933033388443436
set4_SJ900,M01Ch024,36,47,-0.08070953718890181,67.64760696000009,221.0,366.0,-10.085148992537718
set4_SJ900,M01Ch024,37,48,-0.08040763832501083,67.6229009700001,221.0,366.0,-10.421480884796575
set4_SJ900,M01Ch024,38,49,-0.07988490934601106,67.57348700000006,221.0,366.0,-11.00382963689065
set4_SJ900,M01Ch024,39,50,-0.0796777927778439,67.55200796000005,221.0,366.0,-11.234568853302463
set4_SJ900,M01Ch024,40,51,-0.07937779477030393,67.51978397000002,221.0,366.0,-11.56878308733229
set4_SJ900,M01Ch024,41,52,-0.07913556450716866,67.49614300000003,221.0,366.0,-11.83864088577723
set4_SJ900,M01Ch024,42,53,-0.07887055530403678,67.61108299000004,221.0,366.0,-12.13387567270754
set4_SJ900,M01Ch024,43,54,-0.07859729628497562,67.43384300000008,221.0,366.0,-12.438301207050806
set4_SJ900,M01Ch024,44,55,-0.07837714463767825,67.41128500000006,221.0,366.0,-12.683562216532994
set4_SJ900,M01Ch024,45,56,-0.0781064110826408,67.385513,221.0,366.0,-12.985174245442765
set4_SJ900,M01Ch024,46,57,-0.0779232090463809,67.36616996000006,221.0,366.0,-13.189271361698275
set4_SJ900,M01Ch024,47,58,-0.07785942228383912,67.3565050000001,221.0,366.0,-13.260333313605766
set4_SJ900,M01Ch024,48,59,-0.07776972319270625,67.50259299000011,221.0,366.0,-13.360263020746066
set4_SJ900,M01Ch024,49,60,-0.0771629641325651,67.26841000000003,221.0,366.0,-14.036225891928556
set4_SJ900,M01Ch024,50,61,-0.07734141707238004,67.28452898000005,221.0,366.0,-13.837419529580696
set4_SJ900,M01Ch024,51,62,-0.07664129483775003,67.21150097000007,221.0,366.0,-14.617394097721636
set4_SJ900,M01Ch024,52,63,-0.07665324701254381,67.2157930000001,221.0,366.0,-14.6040787194748
set4_SJ900,M01Ch024,53,64,-0.07670681351473907,67.37369300000006,221.0,366.0,-14.544402698131687
set4_SJ900,M01Ch024,54,65,-0.07596422685531934,67.28560400000003,221.0,366.0,-15.371684964483666
set4_SJ900,M01Ch024,55,66,-0.0755715004897888,67.32858000000006,221.0,366.0,-15.809203675075857
set4_SJ900,M01Ch024,56,67,-0.07558447217098334,67.24049800000004,221.0,366.0,-15.794752510782928
set4_SJ900,M01Ch024,57,68,-0.07529121594971777,67.20612699000003,221.0,366.0,-16.121456025144433
set4_SJ900,M01Ch024,58,69,-0.07549586252663246,67.23511900000007,221.0,366.0,-15.893468514456522
set4_SJ900,M01Ch024,59,70,-0.07492846087001484,67.17173898999995,221.0,366.0,-16.525585079525563
set4_SJ900,M01Ch024,60,71,-0.07474999326018457,67.14489099000009,221.0,366.0,-16.72440778507508
set4_SJ900,M01Ch024,61,72,-0.07458240822723837,67.11481299000008,221.0,366.0,-16.91110670311211
set4_SJ900,M01Ch024,62,73,-0.07436871770500512,67.07720699000002,221.0,366.0,-17.149169664907305
set4_SJ900,M01Ch024,63,74,-0.07416985330760517,67.05465500000001,221.0,366.0,-17.370715510487557
set4_SJ900,M01Ch024,64,75,-0.07403736424917,67.03747899000005,221.0,366.0,-17.51831558805256
set4_SJ900,M01Ch024,65,76,-0.073891951769292,67.01599399,221.0,366.0,-17.680313065900233
set4_SJ900,M01Ch024,66,77,-0.07372530873169554,66.98591899000007,221.0,366.0,-17.865962549453172
set4_SJ900,M01Ch024,67,78,-0.07378634964546092,66.95798598000002,221.0,366.0,-17.79795962368088
set4_SJ900,M01Ch024,68,79,-0.0728657149229237,66.94939500000002,221.0,366.0,-18.82359719753397
set4_SJ900,M01Ch024,69,80,-0.07310745103241814,66.88064500000006,221.0,366.0,-18.554289913347166
set4_SJ900,M01Ch024,70,81,-0.07300401773094342,66.85056898999999,221.0,366.0,-18.66952028407204
set4_SJ900,M01Ch024,71,82,-0.07286068954398207,66.82264000000002,221.0,366.0,-18.829195745295856
set4_SJ900,M01Ch024,72,83,-0.07263739333940519,66.828018,221.0,366.0,-19.077959964053182
set4_SJ900,M01Ch024,73,84,-0.07252947038116701,66.77216000000003,221.0,366.0,-19.198192058651355
set4_SJ900,M01Ch024,74,85,-0.0723535575348114,66.7431549900001,221.0,366.0,-19.39416861757205
set4_SJ900,M01Ch024,75,86,-0.07223688163497112,66.71738099000004,221.0,366.0,-19.524151969177026
set4_SJ900,M01Ch024,76,87,-0.0720301318408327,66.68300000000004,221.0,366.0,-19.7544825792048
set4_SJ900,M01Ch024,77,88,-0.07186353954830313,66.64862900000011,221.0,366.0,-19.94007552997009
set4_SJ900,M01Ch024,78,89,-0.07183389989709936,66.62499500000011,221.0,366.0,-19.973095727021427
set4_SJ900,M01Ch024,79,90,-0.07155503274814065,66.588471,221.0,366.0,-20.28376902565293
set4_SJ900,M01Ch024,80,91,-0.07144694748066915,66.56054399000001,221.0,366.0,-20.404181941639
set4_SJ900,M01Ch024,81,92,-0.0712679991471488,66.53155100000006,221.0,366.0,-20.60354019974493
set4_SJ900,M01Ch024,82,93,-0.07114716730346486,66.49609799,221.0,366.0,-20.73815350072782
set4_SJ900,M01Ch024,83,94,-0.07097246555689583,66.46065198000004,221.0,366.0,-20.932780828062526
set4_SJ900,M01Ch024,84,95,-0.07086870892588396,66.435945,221.0,366.0,-21.048371405625055
set4_SJ900,M01Ch024,85,96,-0.07076646921379406,66.40801698000006,221.0,366.0,-21.16227205231186
set4_SJ900,M01Ch024,86,97,-0.07065272776868319,66.38760399000009,221.0,366.0,-21.288986260405775
set4_SJ900,M01Ch024,87,98,-0.06998630526729363,66.35322698000006,221.0,366.0,-22.03141747742806
set4_SJ900,M01Ch024,88,99,-0.07097627603139443,66.37042300000009,221.0,366.0,-20.928535750482567
set4_SJ900,M01Ch024,89,100,-0.07014334513716516,66.28340698000004,221.0,366.0,-21.856466449414093
set4_SJ900,M01Ch024,90,101,-0.07006505044169321,66.24044698000004,221.0,366.0,-21.943691034304948
set4_SJ900,M01Ch024,91,102,-0.06995675840023027,66.21466600000007,221.0,366.0,-22.064334307858157
set4_SJ900,M01Ch024,92,103,-0.07018875944706332,66.21252300000006,221.0,366.0,-21.80587241740345
set4_SJ900,M01Ch024,93,104,-0.07025194740674075,66.19854099000005,221.0,366.0,-21.73547756472868
set4_SJ900,M01Ch024,94,105,-0.07013454204737055,66.16311099000004,221.0,366.0,-21.86627357425779
set4_SJ900,M01Ch024,95,106,-0.06996794022741493,66.13196398000002,221.0,366.0,-22.05187713909822
set4_SJ900,M01Ch024,96,117,-0.06821022516028533,65.83549998000001,221.0,366.0,-24.01006812716725
set4_SJ900,M01Ch024,97,118,-0.06904695107202785,65.80862800000004,221.0,366.0,-23.0779095705852
set4_SJ900,M01Ch024,98,119,-0.06811372059201562,65.72376798000006,221.0,366.0,-24.117579509089815
set4_SJ900,M01Ch024,99,120,-0.06892746462347377,65.71839998000007,221.0,366.0,-23.211024027604143
set4_SJ900,M01Ch024,100,121,-0.06868795817432038,65.67327898000003,221.0,366.0,-23.477847347883497
set4_SJ900,M01Ch024,101,122,-0.06904517071596647,65.65502699000004,221.0,366.0,-23.079892984882623
set4_SJ900,M01Ch024,102,123,-0.0689717295141529,65.62816898000007,221.0,366.0,-23.16171051164431
set4_SJ900,M01Ch024,103,124,-0.068346661868223,65.614205,221.0,366.0,-23.858070151544464
set4_SJ900,M01Ch024,104,125,-0.06895484094674573,65.56264998000003,221.0,366.0,-23.180525302002863
set4_SJ900,M01Ch024,105,126,-0.06716910885287834,65.52183300000002,221.0,366.0,-25.169928794473996
set4_SJ900,M01Ch024,106,127,-0.06666104919682421,65.46382897999997,221.0,366.0,-25.73593511625589
set4_SJ900,M01Ch024,107,128,-0.0676356457730893,65.39077998000005,221.0,366.0,-24.650181077768995
set4_SJ900,M01Ch024,108,129,-0.0677076264324058,65.40045098000002,221.0,366.0,-24.569990675453667
set4_SJ900,M01Ch024,109,130,-0.06810684661452665,65.39615098000007,221.0,366.0,-24.125237497021313
set4_SJ900,M01Ch024,110,131,-0.06814656149229568,65.34136900000003,221.0,366.0,-24.080992944992417
set4_SJ900,M01Ch024,111,132,-0.06774478923022156,65.32524998000005,221.0,366.0,-24.528589280463574
set4_SJ900,M01Ch024,112,133,-0.06682825212494148,65.16520198000006,221.0,366.0,-25.54966188395512
set4_SJ900,M01Ch024,113,134,-0.06752421453710107,65.24253998000003,221.0,366.0,-24.774321586195015
set4_SJ900,M01Ch024,114,135,-0.06642838467505766,65.23932300000006,221.0,366.0,-25.99513615417535
set4_SJ900,M01Ch024,115,136,-0.06790712021244998,65.19099099000003,221.0,366.0,-24.34774366308876
set4_SJ900,M01Ch024,116,137,-0.06725752429887179,65.15554098000003,221.0,366.0,-25.071429138421543
set4_SJ900,M01Ch024,117,138,-0.0670464716549347,65.09646099000003,221.0,366.0,-25.30655335911828
set4_SJ900,M01Ch024,118,139,-0.06698944986335664,65.05887100000007,221.0,366.0,-25.37007876234193
set4_SJ900,M01Ch024,119,140,-0.06636455849358594,65.06531100000004,221.0,366.0,-26.06624202093274
set4_SJ900,M01Ch024,120,141,-0.06584852236750414,65.03308500000001,221.0,366.0,-26.641134567801316
set4_SJ900,M01Ch024,121,142,-0.06656676444334338,64.93533799000006,221.0,366.0,-25.84097350275615
set4_SJ900,M01Ch024,122,143,-0.06623089649779118,64.87733299000008,221.0,366.0,-26.21514881504701
set4_SJ900,M01Ch024,123,144,-0.06641297890533296,64.86120998000004,221.0,366.0,-26.0122990265904
set4_SJ900,M01Ch024,124,145,-0.06672229597353929,64.89881400000004,221.0,366.0,-25.667702847866902
set4_SJ900,M01Ch024,125,146,-0.06684782981394245,64.86122099000004,221.0,366.0,-25.527851264654057
set4_SJ900,M01Ch024,126,147,-0.0665264792221165,64.82039600000006,221.0,366.0,-25.88585344867801
set4_SJ900,M01Ch024,127,148,-0.06590196936540471,64.71083299000001,221.0,366.0,-26.5815916807968
set4_SJ900,M01Ch024,128,149,-0.06579941597524827,64.64746798000002,221.0,366.0,-26.695841782053662
set4_SJ900,M01Ch024,129,150,-0.06637250207986017,64.71083899000007,221.0,366.0,-26.057392430150905
set4_SJ900,M01Ch024,130,151,-0.06694863825928718,64.71083999999999,221.0,366.0,-25.41554512762033
set4_SJ900,M01Ch024,131,152,-0.06633404756137588,64.646381,221.0,366.0,-26.10023287281118
set4_SJ900,M01Ch024,132,153,-0.06678276192401839,64.61630699000006,221.0,366.0,-25.600340462729854
set4_SJ900,M01Ch024,133,154,-0.06542172211823885,64.58515599000005,221.0,366.0,-27.116613453683392
set4_SJ900,M01Ch024,134,155,-0.06475257694720617,64.93102999000008,221.0,366.0,-27.862077874015124
set4_SJ900,M01Ch024,135,156,-0.06484101817673801,64.83329099000005,221.0,366.0,-27.763549493686778
set4_SJ900,M01Ch024,136,157,-0.06488872535473096,64.73877200000007,221.0,366.0,-27.710401080864354
set4_SJ900,M01Ch024,137,158,-0.0650138523323212,64.68721200000003,221.0,366.0,-27.571002765139816
set4_SJ900,M01Ch024,138,159,-0.06493420830160672,64.58300599,221.0,366.0,-27.659730583496213
set4_SJ900,M01Ch024,139,160,-0.064709108536242,64.469151,221.0,366.0,-27.91050406788892
set4_SJ900,M01Ch024,140,161,-0.06475824067606188,64.4272540000001,221.0,366.0,-27.85576816943812
set4_SJ900,M01Ch024,141,162,-0.0647852604245068,64.38213599000005,221.0,366.0,-27.825666687750793
set4_SJ900,M01Ch024,142,163,-0.06468732891624533,64.33809999000002,221.0,366.0,-27.934767759085855
set4_SJ900,M01Ch024,143,164,-0.0647240794498523,64.36387298000001,221.0,366.0,-27.893825649035332
set4_SJ900,M01Ch024,144,165,-0.06440866849117327,64.25645799000002,221.0,366.0,-28.245210755969698
set4_SJ900,M01Ch024,145,166,-0.06453442006869446,64.21993999000006,221.0,366.0,-28.105116601665394
set4_SJ900,M01Ch024,146,167,-0.06445889848277563,64.16946098000004,221.0,366.0,-28.189251790420666
set4_SJ900,M01Ch024,147,168,-0.06431313285538784,64.12220100000006,221.0,366.0,-28.35164269396292
set4_SJ900,M01Ch024,148,169,-0.06437676659074516,64.09963999000007,221.0,366.0,-28.280751222731816
set4_SJ900,M01Ch024,149,170,-0.06439618904215651,64.05237600000005,221.0,366.0,-28.25911354661972
set4_SJ900,M01Ch024,150,171,-0.0642476325902315,64.007261,221.0,366.0,-28.424613581761427
set4_SJ900,M01Ch024,151,172,-0.06456735290902556,64.04485498000003,221.0,366.0,-28.06842761130862
set4_SJ900,M01Ch024,152,173,-0.0645452621956138,64.00940800000008,221.0,366.0,-28.093037877632142
set4_SJ900,M01Ch024,153,174,-0.06448855013981458,63.97718399000007,221.0,366.0,-28.156218218210462
set4_SJ900,M01Ch024,154,175,-0.06442544607048745,63.93206600000002,221.0,366.0,-28.226519612433975
set4_SJ900,M01Ch024,155,176,-0.06437777436199113,63.884794980000024,221.0,366.0,-28.279628510291786
set4_SJ900,M01Ch024,156,177,-0.06434443981495205,63.845057980000064,221.0,366.0,-28.316765023953185
set4_SJ900,M01Ch024,157,178,-0.06423934981313824,63.80639200000003,221.0,366.0,-28.433841049718843
set4_SJ900,M01Ch024,158,179,-0.06425769516736747,63.76127900000002,221.0,366.0,-28.413403318941878
set4_SJ900,M01Ch024,159,180,-0.06413784368592099,63.72796999999999,221.0,366.0,-28.546924442623478
set4_SJ900,M01Ch024,160,181,-0.06416252014327914,63.687161999999965,221.0,366.0,-28.51943351572649
set4_SJ900,M01Ch024,161,182,-0.06411142078986,63.653857990000034,221.0,366.0,-28.576360998020256
set4_SJ900,M01Ch024,162,183,-0.06406118426704559,63.61196399000003,221.0,366.0,-28.63232723969773
set4_SJ900,M01Ch024,163,184,-0.06396856331849533,63.570083,221.0,366.0,-28.73551205625261
set4_SJ900,M01Ch024,164,185,-0.0639617041402866,63.53248200000003,221.0,366.0,-28.743153556974242
set4_SJ900,M01Ch024,165,186,-0.06395627239911011,63.50132999000003,221.0,366.0,-28.749204814553032
set4_SJ900,M01Ch024,166,187,-0.06386046908479395,63.45191500000004,221.0,366.0,-28.85593496111052
set4_SJ900,M01Ch024,167,188,-0.06375912127294657,63.40787598000004,221.0,366.0,-28.968841982010186
set4_SJ900,M01Ch024,168,189,-0.06373380062636616,63.36169200000011,221.0,366.0,-28.997050571031846
set4_SJ900,M01Ch024,169,190,-0.06365928896975719,63.30690999000002,221.0,366.0,-29.080060643145554
set4_SJ900,M01Ch024,170,191,-0.06382297155245936,63.310126990000015,221.0,366.0,-28.897709268713367
set4_SJ900,M01Ch024,171,192,-0.06379817641989287,63.27790100000003,221.0,366.0,-28.925332406301287
set4_SJ900,M01Ch024,172,193,-0.06378917705261586,63.24245198000006,221.0,366.0,-28.935358195025362
set4_SJ900,M01Ch024,173,194,-0.06378036677175704,63.21345500000001,221.0,366.0,-28.945173331108975
set4_SJ900,M01Ch024,174,195,-0.063711561948354,63.16403798000006,221.0,366.0,-29.02182567803544
set4_SJ900,M01Ch024,175,196,-0.06368421756675237,63.13504000000005,221.0,366.0,-29.052288818864113
set4_SJ900,M01Ch024,176,197,-0.06363893335708888,63.098520000000065,221.0,366.0,-29.10273791207788
set4_SJ900,M01Ch024,177,198,-0.06359246383139548,63.052324000000056,221.0,366.0,-29.154507512358585
set4_SJ900,M01Ch024,178,199,-0.06366227625197254,63.009366980000024,221.0,366.0,-29.07673264691777
set4_SJ900,M01Ch024,179,200,-0.06360129476880876,62.98037000000005,221.0,366.0,-29.144669363740384
set4_SJ900,M01Ch024,180,201,-0.06354192014107583,62.93632499000003,221.0,366.0,-29.21081595548374
set4_SJ900,M01Ch024,181,202,-0.06364585140314807,62.90409700000004,221.0,366.0,-29.095030829342182
set4_SJ900,M01Ch024,182,203,-0.06351045645749195,62.86649698000005,221.0,366.0,-29.245868224647033
set4_SJ900,M01Ch024,183,204,-0.06341845561321244,62.82460400000005,221.0,366.0,-29.348362211034196
set4_SJ900,M01Ch024,184,205,-0.06341412165984453,62.7784180000001,221.0,366.0,-29.353190472785172
set4_SJ900,M01Ch024,185,206,-0.06341910616788841,62.741897999999985,221.0,366.0,-29.347637457444964
set4_SJ900,M01Ch024,186,207,-0.06341657149004107,62.69892699000004,221.0,366.0,-29.350461227583335
set4_SJ900,M01Ch024,187,208,-0.06335783748114251,62.66348000000004,221.0,366.0,-29.41589413480995
set4_SJ900,M01Ch024,188,209,-0.06333236466924093,62.62266199999998,221.0,366.0,-29.444272244345026
set4_SJ900,M01Ch024,189,210,-0.06328447688292192,62.57968800000003,221.0,366.0,-29.49762186474829
set4_SJ900,M01Ch024,190,211,-0.06334521120405553,62.551762000000046,221.0,366.0,-29.4299604999831
set4_SJ900,M01Ch024,191,222,-0.06316442924677056,62.15755599999998,221.0,366.0,-29.631361515529385
set4_SJ900,M01Ch024,192,223,-0.06312761493112183,62.114588000000005,221.0,366.0,-29.67237468227262
set4_SJ900,M01Ch024,193,224,-0.06311949707748202,62.06946600000004,221.0,366.0,-29.68141841645754
set4_SJ900,M01Ch024,194,225,-0.06307782454082486,62.029725000000056,221.0,366.0,-29.727843907857164
set4_SJ900,M01Ch024,195,226,-0.06304649416404466,61.984604,221.0,366.0,-29.762747665929844
set4_SJ900,M01Ch024,196,227,-0.06322984381158302,61.95990700000007,221.0,366.0,-29.558486102614257
set4_SJ900,M01Ch024,197,228,-0.06315233526091302,61.92015800000007,221.0,366.0,-29.644834879079006
set4_SJ900,M01Ch024,198,229,-0.06299939280643223,61.85678798000004,221.0,366.0,-29.815221161621665
set4_SJ900,M01Ch024,199,230,-0.06302896740798462,61.81489700000003,221.0,366.0,-29.782273433449657
set4_SJ900,M01Ch024,200,231,-0.0629681263689196,61.774072980000014,221.0,366.0,-29.85005368784347
set4_SJ900,M01Ch024,201,232,-0.06300670870826537,61.73325198000005,221.0,366.0,-29.807070845733065
set4_SJ900,M01Ch024,202,233,-0.06300952652098712,61.680617000000055,221.0,366.0,-29.80393164781584
set4_SJ900,M01Ch024,203,234,-0.06288109092778264,61.61187300000002,221.0,366.0,-29.947015942798316
set4_SJ900,M01Ch024,204,235,-0.06289626931760976,61.57749798000005,221.0,366.0,-29.930106384059997
set4_SJ900,M01Ch024,205,236,-0.06294228335923299,61.535609980000004,221.0,366.0,-29.878844218014855
set4_SJ900,M01Ch024,206,237,-0.06293101654990621,61.48512498,221.0,366.0,-29.891396061542054
set4_SJ900,M01Ch024,207,238,-0.0629155759469733,61.43786300000007,221.0,366.0,-29.908597740061506
set4_SJ900,M01Ch024,208,239,-0.06293108286653827,61.3991930000001,221.0,366.0,-29.89132218117674
set4_SJ900,M01Ch024,209,240,-0.06291019474320603,61.35515299000005,221.0,366.0,-29.914592696194664
set4_SJ900,M01Ch024,210,241,-0.06294808415753991,61.30681598000009,221.0,366.0,-29.87238181055153
set4_SJ900,M01Ch024,211,242,-0.06298341016145494,61.26384600000006,221.0,366.0,-29.8330267047073
set4_SJ900,M01Ch024,212,243,-0.0630081409587498,61.221941980000054,221.0,366.0,-29.80547524014049
set4_SJ900,M01Ch024,213,244,-0.06313577533276182,61.18865198000007,221.0,366.0,-29.663283547281914
set4_SJ900,M01Ch024,214,245,-0.06308850071311953,61.15428599000003,221.0,366.0,-29.715950066377705
set4_SJ900,M01Ch024,215,246,-0.06319011964847426,61.098419980000074,221.0,366.0,-29.60274099902086
set4_SJ900,M01Ch024,216,247,-0.0630990201953695,61.05116298000005,221.0,366.0,-29.704230786201823
set4_SJ900,M01Ch024,217,248,-0.06312094311974917,61.00497999000006,221.0,366.0,-29.67980744606259
set4_SJ900,M01Ch024,218,249,-0.06318459069543156,60.964155000000034,221.0,366.0,-29.608900555950278
set4_SJ900,M01Ch024,219,250,-0.06327948690371761,60.91903400000004,221.0,366.0,-29.50318097526129
set4_SJ900,M01Ch024,220,251,-0.06330088230916135,60.872849,221.0,366.0,-29.479345320148866
set4_SJ900,M01Ch024,221,252,-0.06332063948021004,60.82773400000002,221.0,366.0,-29.457334748002808
set4_SJ900,M01Ch024,222,253,-0.06336063631984666,60.78583799000005,221.0,366.0,-29.41277607498899
set4_SJ900,M01Ch024,223,254,-0.06337840861976773,60.73535800000005,221.0,366.0,-29.392976758140932
set4_SJ900,M01Ch024,224,255,-0.06343009776642736,60.68594500000002,221.0,366.0,-29.335392213829582
set4_SJ900,M01Ch024,225,256,-0.06347124576655364,60.63975798000004,221.0,366.0,-29.289551084893972
set4_SJ900,M01Ch024,226,257,-0.06362673584273874,60.59249700000001,221.0,366.0,-29.11632661204635
set4_SJ900,M01Ch024,227,258,-0.06362188087064306,60.544153000000065,221.0,366.0,-29.121735317235764
set4_SJ900,M01Ch024,228,259,-0.0636047042097195,60.48507699000006,221.0,366.0,-29.140871059572294
set4_SJ900,M01Ch024,229,260,-0.06373849101940741,60.43781000000003,221.0,366.0,-28.991825215935542
set4_SJ900,M01Ch024,230,261,-0.06376181512109182,60.392700000000026,221.0,366.0,-28.965840887430126
set4_SJ900,M01Ch024,231,262,-0.06391029201962439,60.338989000000005,221.0,366.0,-28.800429479130763
set4_SJ900,M01Ch024,232,263,-0.06394558235656175,60.280980980000045,221.0,366.0,-28.761114108255825
set4_SJ900,M01Ch024,233,264,-0.06420638059069217,60.23802098000005,221.0,366.0,-28.4705705717471
set4_SJ900,M01Ch024,234,265,-0.06411689592446948,60.181092000000056,221.0,366.0,-28.570261397777163
set4_SJ900,M01Ch024,235,266,-0.06414880562035444,60.11557199000007,221.0,366.0,-28.534712246448567
set4_SJ900,M01Ch024,236,267,-0.06432643437696275,60.07044900000007,221.0,366.0,-28.33682406939588
set4_SJ900,M01Ch024,237,268,-0.06441280587994727,60.01459000000004,221.0,366.0,-28.24060147795707
set4_SJ900,M01Ch024,238,269,-0.06467140456842461,59.965180000000025,221.0,366.0,-27.952508355941706
set4_SJ900,M01Ch024,239,270,-0.06453458739241918,59.881408990000054,221.0,366.0,-28.104930193859047
set4_SJ900,M01Ch024,240,271,-0.06468826095249039,59.85991799000004,221.0,366.0,-27.93372941959059
set4_SJ900,M01Ch024,241,272,-0.06485116507869712,59.79760498000005,221.0,366.0,-27.75224528838939
set4_SJ900,M01Ch024,242,273,-0.06496612306251136,59.736385,221.0,366.0,-27.624175789457894
set4_SJ900,M01Ch024,243,274,-0.06500741853858474,59.664409000000056,221.0,366.0,-27.578170364228782
set4_SJ900,M01Ch024,244,275,-0.06512350428920645,59.601038990000056,221.0,366.0,-27.44884447122049
set4_SJ900,M01Ch024,245,276,-0.0653494085606006,59.537670000000034,221.0,366.0,-27.197174722987217
set4_SJ900,M01Ch024,246,277,-0.06542066768140813,59.48395800000003,221.0,366.0,-27.11778815414425
set4_SJ900,M01Ch024,247,278,-0.06562790637897957,59.43132,221.0,366.0,-26.886912878877776
set4_SJ900,M01Ch024,248,279,-0.06582735862785213,59.361501000000075,221.0,366.0,-26.664712134515867
set4_SJ900,M01Ch024,249,280,-0.06601579243224415,59.29489900000004,221.0,366.0,-26.454786541620667
set4_SJ900,M01Ch024,250,281,-0.06612335698061368,59.2197110000001,221.0,366.0,-26.334953735273448
set4_SJ900,M01Ch024,251,282,-0.06642165539031748,59.19285000000007,221.0,366.0,-26.00263294644889
set4_SJ900,M01Ch024,252,283,-0.06663422834180537,59.11444900000005,221.0,366.0,-25.765815019758097
set4_SJ900,M01Ch024,253,284,-0.06679471063040122,59.05428799000001,221.0,366.0,-25.587028948483027
set4_SJ900,M01Ch024,254,285,-0.06700002372568127,58.985539990000014,221.0,366.0,-25.358298899780372
set4_SJ900,M01Ch024,255,286,-0.06728619649494068,58.90820599000003,221.0,366.0,-25.039486739451313
set4_SJ900,M01Ch024,256,287,-0.06747491382130022,58.84052998999997,221.0,366.0,-24.829245287534295
set4_SJ900,M01Ch024,257,288,-0.0676734130051657,58.784679990000065,221.0,366.0,-24.608106309861878
set4_SJ900,M01Ch024,258,289,-0.06788685045155271,58.70948599000002,221.0,366.0,-24.370325288439542
set4_SJ900,M01Ch024,259,290,-0.06812184493111648,58.624624999999995,221.0,366.0,-24.1085285497456
set4_SJ900,M01Ch024,260,291,-0.06833322090911995,58.56232099000008,221.0,366.0,-23.8730441171654
set4_SJ900,M01Ch024,261,292,-0.068711919551375,58.494652990000084,221.0,366.0,-23.4511530596638
set4_SJ900,M01Ch024,262,293,-0.06883541514280272,58.415161990000065,221.0,366.0,-23.313572197598965
set4_SJ900,M01Ch024,263,294,-0.0691502534027975,58.339969990000036,221.0,366.0,-22.962825108408968
set4_SJ900,M01Ch024,264,295,-0.0695773454043878,58.26799999000003,221.0,366.0,-22.487021194435453
set4_SJ900,M01Ch024,265,296,-0.06973834522822828,58.19710599,221.0,366.0,-22.307658560513243
set4_SJ900,M01Ch024,266,297,-0.06995648752071325,58.136955990000054,221.0,366.0,-22.064636082496737
set4_SJ900,M01Ch024,267,298,-0.07031186625099216,58.05102199000001,221.0,366.0,-21.668724685935747
set4_SJ900,M01Ch024,268,299,-0.07056619951065962,57.968312990000044,221.0,366.0,-21.385383485555444
set4_SJ900,M01Ch024,269,300,-0.07085318577749233,57.88774099000007,221.0,366.0,-21.065665044312787
set4_SJ900,M01Ch024,270,301,-0.07122209101853548,57.81578199000004,221.0,366.0,-20.654684372888156
set4_SJ900,M01Ch024,271,302,-0.07158225719765574,57.74058199000001,221.0,366.0,-20.25343949574645
set4_SJ900,M01Ch024,272,303,-0.0717669544859861,57.65465399000001,221.0,366.0,-20.047676586676133
set4_SJ900,M01Ch024,273,304,-0.07217826904423254,57.57300900000004,221.0,366.0,-19.589449609914166
set4_SJ900,M01Ch024,274,305,-0.07238944612689555,57.49245699000002,221.0,366.0,-19.354186757651814
set4_SJ900,M01Ch024,275,306,-0.0728544259787891,57.41511299000002,221.0,366.0,-18.836173700451063
set4_SJ900,M01Ch024,276,307,-0.073109646746128,57.33026099000002,221.0,366.0,-18.55184376784872
set4_SJ900,M01Ch024,277,308,-0.07344803219831363,57.24540099000003,221.0,366.0,-18.174863815093556
set4_SJ900,M01Ch024,278,309,-0.07383155952346938,57.17020599000006,221.0,366.0,-17.747593340007583
set4_SJ900,M01Ch024,279,310,-0.07420489327803022,57.07997500000004,221.0,366.0,-17.331679061638884
set4_SJ900,M01Ch024,280,311,-0.07466431306201574,57.00048699000006,221.0,366.0,-16.819860225034056
set4_SJ900,M01Ch024,281,312,-0.07503731828645777,56.91885300000002,221.0,366.0,-16.404311947236195
set4_SJ900,M01Ch024,282,313,-0.0754438916182416,56.832914990000006,221.0,366.0,-15.951366956789915
set4_SJ900,M01Ch024,283,314,-0.07576798204103453,56.75880399000001,221.0,366.0,-15.590312450800514
set4_SJ900,M01Ch024,284,315,-0.07660167804525796,56.60842099000001,221.0,366.0,-14.661529377372439
set4_SJ900,M01Ch024,285,316,-0.0765642048415757,56.55148899000006,221.0,366.0,-14.703276581522262
set4_SJ900,M01Ch024,286,327,-0.07531562446623725,56.48060599000001,221.0,366.0,-16.094263599037152
set4_SJ900,M01Ch024,287,328,-0.0760309264938717,56.36565699000001,221.0,366.0,-15.297377908941389
set4_SJ900,M01Ch024,288,329,-0.0766898238074833,56.23997499000006,221.0,366.0,-14.56333016382867
set4_SJ900,M01Ch024,289,330,-0.07724211135006183,56.13041299000002,221.0,366.0,-13.948051550744845
set4_SJ900,M01Ch024,290,331,-0.07787434456045864,56.025151000000044,221.0,366.0,-13.243709079027443
set4_SJ900,M01Ch024,291,332,-0.07857870217934665,55.91880799000004,221.0,366.0,-12.459016060530049
set4_SJ900,M01Ch024,292,333,-0.07917608913584659,55.81353599000006,221.0,366.0,-11.793494226824386
set4_SJ900,M01Ch024,293,334,-0.07972455854141278,55.70611999000006,221.0,366.0,-11.182469227781077
set4_SJ900,M01Ch024,294,335,-0.08039240341552903,55.60514199000002,221.0,366.0,-10.43845340953008
set4_SJ900,M01Ch024,295,336,-0.08094943037296656,55.50955400000003,221.0,366.0,-9.81789482835631
set4_SJ900,M01Ch024,296,337,-0.08155677154430996,55.42040298000002,221.0,366.0,-9.141283453368176
set4_SJ900,M01Ch024,297,338,-0.08206090648933764,55.331242000000024,221.0,366.0,-8.579649474923645
set4_SJ900,M01Ch024,298,339,-0.08263919814444154,55.23026600000007,221.0,366.0,-7.935400854270236
set4_SJ900,M01Ch024,299,340,-0.08320695059039532,55.142185990000016,221.0,366.0,-7.302893490641393
set4_SJ900,M01Ch024,300,341,-0.08376498378045945,55.05517999000009,221.0,366.0,-6.681213911133965
set4_SJ900,M01Ch024,301,342,-0.08441801373188121,54.96064900000001,221.0,366.0,-5.953702729300902
set4_SJ900,M01Ch024,302,343,-0.08502511904696868,54.88654099000001,221.0,366.0,-5.277354111117594
set4_SJ900,M01Ch024,303,344,-0.08543622448292634,54.81134498000003,221.0,366.0,-4.8193601080547825
set4_SJ900,M01Ch024,304,345,-0.08605464726880212,54.71896300000005,221.0,366.0,-4.130403206697575
set4_SJ900,M01Ch024,305,346,-0.08663865875939983,54.622290979999995,221.0,366.0,-3.4797823755951085
set4_SJ900,M01Ch024,306,347,-0.08717296464447086,54.550320990000046,221.0,366.0,-2.884536315192987
set4_SJ900,M01Ch024,307,348,-0.08780584697117763,54.47190800000002,221.0,366.0,-2.1794706923049856
set4_SJ900,M01Ch024,308,349,-0.08825631815707548,54.389199990000044,221.0,366.0,-1.677621084762826
set4_SJ900,M01Ch024,309,350,-0.08883943855635242,54.29789099000003,221.0,366.0,-1.0279929782643138
set4_SJ900,M01Ch024,310,351,-0.08942192842390637,54.21839999000007,221.0,366.0,-0.37906731868722066
set4_SJ900,M01Ch024,311,352,-0.0900530672701855,54.13999599000003,221.0,366.0,0.3240559713818092
set4_SJ900,M01Ch024,312,353,-0.09064782809697611,54.05727998999999,221.0,366.0,0.9866521525591088
set4_SJ900,M01Ch024,313,354,-0.09109756475346326,53.97993899000005,221.0,366.0,1.4876834540519024
set4_SJ900,M01Ch024,314,355,-0.09181663201822829,53.90044699000005,221.0,366.0,2.2887638248185516
set4_SJ900,M01Ch024,315,356,-0.0923820522402101,53.80807299000002,221.0,366.0,2.9186729630299446
set4_SJ900,M01Ch024,316,357,-0.09299249592399693,53.73825400000005,221.0,366.0,3.598740707039827
set4_SJ900,M01Ch024,317,358,-0.09352425181317262,53.65232099000003,221.0,366.0,4.191145932157969
set4_SJ900,M01Ch024,318,359,-0.09406985870151753,53.58572199000005,221.0,366.0,4.798981930019752
set4_SJ900,M01Ch024,319,360,-0.09479765511573368,53.46004498000002,221.0,366.0,5.609787052032145
set4_SJ900,M01Ch024,320,361,-0.09540775187399395,53.42029699000001,221.0,366.0,6.2894683019780295
set4_SJ900,M01Ch024,321,362,-0.09587586214934374,53.359082000000015,221.0,366.0,6.810968822599617
set4_SJ900,M01Ch024,322,363,-0.09652752270247643,53.28173698000002,221.0,366.0,7.536954419632913
set4_SJ900,M01Ch024,323,364,-0.0971626042277968,53.21192200000003,221.0,366.0,8.244470070393263
set4_SJ900,M01Ch024,324,365,-0.09768903502158774,53.13887798000005,221.0,366.0,8.830942847193679
set4_SJ900,M01Ch024,325,366,-0.09829593635466934,53.07335099000007,221.0,366.0,9.507064218234905
set4_SJ900,M01Ch024,326,367,-0.0988102703020478,53.002458990000044,221.0,366.0,10.080060444670625
set4_SJ900,M01Ch024,327,368,-0.09944481718832902,52.927261990000034,221.0,366.0,10.786980478218666
set4_SJ900,M01Ch024,328,369,-0.10008071415738957,52.861743990000065,221.0,366.0,11.495404578029245
set4_SJ900,M01Ch024,329,370,-0.10062890609722061,52.78546999000001,221.0,366.0,12.106120465025771
set4_SJ900,M01Ch024,330,371,-0.10123311847734169,52.716726990000055,221.0,366.0,12.7792461949912
set4_SJ900,M01Ch024,331,372,-0.10173005933788364,52.652268990000024,221.0,366.0,13.332865568753306
set4_SJ900,M01Ch024,332,373,-0.10239324359088586,52.57922698000002,221.0,366.0,14.071689199467796
set4_SJ900,M01Ch024,333,374,-0.10298980916362857,52.50404898000002,221.0,366.0,14.736295966618451
set4_SJ900,M01Ch024,334,375,-0.10350740218247516,52.43851900000005,221.0,366.0,15.312922977416044
set4_SJ900,M01Ch024,335,376,-0.10409830440940013,52.37085298000008,221.0,366.0,15.97122046671502
set4_SJ900,M01Ch024,336,377,-0.10467169195774573,52.30317800000003,221.0,366.0,16.61000564347004
set4_SJ900,M01Ch024,337,378,-0.10528798282663332,52.23764199000001,221.0,366.0,17.296587472375723
set4_SJ900,M01Ch024,338,379,-0.10593494820619401,52.173205980000056,221.0,366.0,18.01734238853927
set4_SJ900,M01Ch024,339,380,-0.10653538626971486,52.10767398000002,221.0,366.0,18.686263322806628
set4_SJ900,M01Ch024,340,381,-0.10710696298883389,52.03571299000002,221.0,366.0,19.32303113648688
set4_SJ900,M01Ch024,341,382,-0.10765322948841641,51.97448200000005,221.0,366.0,19.93160197744426
set4_SJ900,M01Ch024,342,383,-0.10821324784746837,51.912187000000046,221.0,366.0,20.55549314408229
set4_SJ900,M01Ch024,343,384,-0.10861854885452871,51.76609600000005,221.0,366.0,21.00702069500493
set4_SJ900,M01Ch024,344,385,-0.10920834227490854,51.69841599000003,221.0,366.0,21.664082912999238
set4_SJ900,M01Ch024,345,386,-0.10839136539452984,51.52118500000002,221.0,366.0,20.753925860507906
set4_SJ900,M01Ch024,346,387,-0.11057127167332155,51.66726699000002,221.0,366.0,23.182461013782696
set4_SJ900,M01Ch024,347,388,-0.11111913985038793,51.60604699000006,221.0,366.0,23.79281621130238
set4_SJ900,M01Ch024,348,389,-0.1118095921915668,51.55554500000002,221.0,366.0,24.562017987785723
set4_SJ900,M01Ch024,349,390,-0.11234991207697324,51.49647900000006,221.0,366.0,25.163963974404126
set4_SJ900,M01Ch024,350,391,-0.11210442195904391,51.298826999999974,221.0,366.0,24.890474518929274
set4_SJ900,M01Ch024,351,392,-0.11282118996144744,51.23760199000008,221.0,366.0,25.688993385320337
set4_SJ900,M01Ch024,352,393,-0.11345986496124254,51.18497100000002,221.0,366.0,26.40051236373253
set4_SJ900,M01Ch024,353,394,-0.11398033612199783,51.13662800000004,221.0,366.0,26.980345782470394
set4_SJ900,M01Ch024,354,395,-0.11456029264375553,51.066814000000036,221.0,366.0,27.6264491558871
set4_SJ900,M01Ch024,355,396,-0.11520414543234983,51.02491699000006,221.0,366.0,28.343736475001545
set4_SJ900,M01Ch024,356,397,-0.11579041952113647,50.95724298000007,221.0,366.0,28.996877964580502
set4_SJ900,M01Ch024,357,398,-0.11624895998081974,50.90353200000005,221.0,366.0,29.50771718568539
set4_SJ900,M01Ch024,358,399,-0.1168551937935598,50.844465000000056,221.0,366.0,30.18309490245543
set4_SJ900,M01Ch024,359,400,-0.11745747229029828,50.798274000000056,221.0,366.0,30.85406618026727
set4_SJ900,M01Ch024,360,401,-0.1180012717536724,50.73918400000001,221.0,366.0,31.45988860758191
set4_SJ900,M01Ch024,361,402,-0.11856828994647342,50.67044098000003,221.0,366.0,32.09157797292788
set4_SJ900,M01Ch024,362,403,-0.11917474950864633,50.62317900000003,221.0,366.0,32.767207186947545
set4_SJ900,M01Ch024,363,404,-0.1195736234372966,50.55766399000006,221.0,366.0,33.21157462002311
set4_SJ900,M01Ch024,364,405,-0.12008938779382583,50.494274990000044,221.0,366.0,33.78616440070472
set4_SJ900,M01Ch024,365,406,-0.12065052006586259,50.43197498000003,221.0,366.0,34.41129652750128
set4_SJ900,M01Ch024,366,407,-0.12118147796292864,50.38686898999998,221.0,366.0,35.002812745642764
set4_SJ900,M01Ch024,367,408,-0.1217736813570582,50.328858989999986,221.0,366.0,35.6625598065712
set4_SJ900,M01Ch024,368,409,-0.12212250116282324,50.14624899000004,221.0,366.0,36.0511642014943
set4_SJ900,M01Ch024,369,410,-0.12282544130683455,50.22466299000001,221.0,366.0,36.83427807523649
set4_SJ900,M01Ch024,370,411,-0.12341566621010289,50.165588990000025,221.0,366.0,37.49182098883364
set4_SJ900,M01Ch024,371,412,-0.12391230621356027,50.117248989999965,221.0,366.0,38.045105191302774
set4_SJ900,M01Ch024,372,413,-0.12452766532996913,50.06890899000003,221.0,366.0,38.730648996844465
set4_SJ900,M01Ch024,373,414,-0.12507902119366315,50.02487199000001,221.0,366.0,39.34488966855228
set4_SJ900,M01Ch024,374,415,-0.12570392569817268,49.97867899000001,221.0,366.0,40.04106755996253
set4_SJ900,M01Ch024,375,416,-0.12622832320507033,49.93033899000003,221.0,366.0,40.625275143646576
set4_SJ900,M01Ch024,376,417,-0.12673293755317583,49.87878499000003,221.0,366.0,41.18744320341303
set4_SJ900,M01Ch024,377,418,-0.12732540353141772,49.83474400000006,221.0,366.0,41.84748279744426
set4_SJ900,M01Ch024,378,419,-0.12779283856220308,49.789626990000045,221.0,366.0,42.368231058586716
set4_SJ900,M01Ch024,379,420,-0.12839097442149866,49.73700299000004,221.0,366.0,43.03458721108089
set4_SJ900,M01Ch024,380,421,-0.1289368620686276,49.694029990000026,221.0,366.0,43.642735989626516
set4_SJ900,M01Ch024,381,432,-0.1270124940763056,49.72088799000006,221.0,366.0,41.498884502680376
set4_SJ900,M01Ch024,382,433,-0.1278463734273698,49.64569199000005,221.0,366.0,42.42787183454486
set4_SJ900,M01Ch024,383,434,-0.12872357769229031,49.57372099,221.0,366.0,43.405125496634824
set4_SJ900,M01Ch024,384,435,-0.12957471245310714,49.513570990000005,221.0,366.0,44.353336301350474
set4_SJ900,M01Ch024,385,436,-0.13040798141838156,49.44912299000002,221.0,366.0,45.28164362996807
set4_SJ900,M01Ch024,386,437,-0.13118908303927362,49.390042990000026,221.0,366.0,46.15183367578406
set4_SJ900,M01Ch024,387,438,-0.13193467041642143,49.33740299000007,221.0,366.0,46.98245890626187
set4_SJ900,M01Ch024,388,439,-0.13260571715160518,49.27509899000001,221.0,366.0,47.73004177335069
set4_SJ900,M01Ch024,389,440,-0.13340274443724903,49.22246599000003,221.0,366.0,48.61797388315596
set4_SJ900,M01Ch024,390,441,-0.13401600269285058,49.167688990000045,221.0,366.0,49.30117721453489
set4_SJ900,M01Ch024,391,442,-0.13467785701200868,49.11504899000003,221.0,366.0,50.038519226005754
set4_SJ900,M01Ch024,392,443,-0.13528251019512197,49.06348999,221.0,366.0,50.712136034680675
set4_SJ900,M01Ch024,393,444,-0.1359833562879541,49.01730898999999,221.0,366.0,51.49291702055938
set4_SJ900,M01Ch024,394,445,-0.1365026263120495,48.96789498999999,221.0,366.0,52.07141230718084
set4_SJ900,M01Ch024,395,446,-0.13717240094133923,48.923852990000015,221.0,366.0,52.81757797853403
set4_SJ900,M01Ch024,396,447,-0.1378019986339242,48.879813980000044,221.0,366.0,53.518984338861976
set4_SJ900,M01Ch024,397,448,-0.13839739457472877,48.82931799000001,221.0,366.0,54.182288071884166
set4_SJ900,M01Ch024,398,449,-0.13893501433071662,48.78850999000003,221.0,366.0,54.78122596623951
set4_SJ900,M01Ch024,399,450,-0.13948898501470214,48.73909999000005,221.0,366.0,55.39837969116397
set4_SJ900,M01Ch024,400,451,-0.14010889791933326,48.702568000000035,221.0,366.0,56.08899666654139
set4_SJ900,M01Ch024,401,452,-0.14076572991783448,48.65423198000003,221.0,366.0,56.820743537347276
set4_SJ900,M01Ch024,402,453,-0.14126034944963922,48.60912299000007,221.0,366.0,57.37177682358101
set4_SJ900,M01Ch024,403,454,-0.14180380923636973,48.57045799000002,221.0,366.0,57.977220832484846
set4_SJ900,M01Ch024,404,455,-0.14236077942865696,48.521039990000006,221.0,366.0,58.59771617416782
set4_SJ900,M01Ch024,405,456,-0.14292717874129385,48.48129199,221.0,366.0,59.228716073067964
set4_SJ900,M01Ch024,406,457,-0.14352523469928025,48.44263199000001,221.0,366.0,59.89498321112148
set4_SJ900,M01Ch024,407,458,-0.14410145428929463,48.39966299000004,221.0,366.0,60.53692343762111
set4_SJ900,M01Ch024,408,459,-0.14458930482452093,48.35991799000004,221.0,366.0,61.08041569041542
set4_SJ900,M01Ch024,409,460,-0.1451528663157637,48.31695099000002,221.0,366.0,61.70825410063996
set4_SJ900,M01Ch024,410,461,-0.145702492556621,48.27613000000001,221.0,366.0,62.320567877645104
set4_SJ900,M01Ch024,411,462,-0.14628859165323022,48.23639100000005,221.0,366.0,62.97351441634083
set4_SJ900,M01Ch024,412,463,-0.14691813569359105,48.19772199000001,221.0,366.0,63.67486100514847
set4_SJ900,M01Ch024,413,464,-0.1473436576470383,48.154757990000064,221.0,366.0,64.14891579938009
set4_SJ900,M01Ch024,414,465,-0.14799152227965018,48.11608098000004,221.0,366.0,64.87067253276291
set4_SJ900,M01Ch024,415,466,-0.14844353962939044,48.07097000000005,221.0,366.0,65.37424465162611
set4_SJ900,M01Ch024,416,467,-0.14900672329076842,48.04196300000009,221.0,366.0,66.00166213865887
set4_SJ900,M01Ch024,417,468,-0.14960359091240458,47.999001980000024,221.0,366.0,66.66660540484295
set4_SJ900,M01Ch024,418,469,-0.1502236488954742,47.962474980000025,221.0,366.0,67.35738400555782
set4_SJ900,M01Ch024,419,470,-0.15074755345097696,47.92273100000001,221.0,366.0,67.94104241435164
set4_SJ900,M01Ch024,420,471,-0.1511889427617325,47.88191700000003,221.0,366.0,68.43277431488258
set4_SJ900,M01Ch024,421,472,-0.1518261833906691,47.844313990000046,221.0,366.0,69.14269532548917
set4_SJ900,M01Ch024,422,473,-0.15229657254823198,47.808866000000044,221.0,366.0,69.66673464588324
set4_SJ900,M01Ch024,423,474,-0.15289003174945354,47.77987199000005,221.0,366.0,70.3278807447879
set4_SJ900,M01Ch024,424,475,-0.1535321621760466,47.74120600000002,221.0,366.0,71.04324925816867
set4_SJ900,M01Ch024,425,476,-0.1540205629158575,47.70467599999999,221.0,366.0,71.58735446904664
set4_SJ900,M01Ch024,426,477,-0.15449843135979774,47.66923299000006,221.0,366.0,72.11972612467252
set4_SJ900,M01Ch024,427,478,-0.15507267651483408,47.63378000000006,221.0,366.0,72.75946672231717
set4_SJ900,M01Ch024,428,479,-0.1556912175162552,47.59941499000003,221.0,366.0,73.4485553222755
set4_SJ900,M01Ch024,429,480,-0.15620298072042382,47.565036980000045,221.0,366.0,74.018687599781
set4_SJ900,M01Ch024,430,481,-0.15671148815789326,47.529590979999995,221.0,366.0,74.5851927746185
set4_SJ900,M01Ch024,431,482,-0.15739061562905646,47.49521799000003,221.0,366.0,75.34177802478284
set4_SJ900,M01Ch024,432,483,-0.1578772441925101,47.46298898,221.0,366.0,75.88390893400239
set4_SJ900,M01Ch024,433,484,-0.1584095974589305,47.42324599000001,221.0,366.0,76.47697967013475
set4_SJ900,M01Ch024,434,485,-0.15900063757026348,47.38887398000003,221.0,366.0,77.13543077022666
set4_SJ900,M01Ch024,435,486,-0.15948675459004585,47.35128499000004,221.0,366.0,77.67699179174042
set4_SJ900,M01Ch024,436,487,-0.16001860354893455,47.31691499000001,221.0,366.0,78.26950070162333
set4_SJ900,M01Ch024,437,488,-0.1605525716133985,47.28898000000002,221.0,366.0,78.86437041134111
set4_SJ900,M01Ch024,438,489,-0.16116559949847223,47.252451000000036,221.0,366.0,79.54731709731719
set4_SJ900,M01Ch024,439,490,-0.16161434393181318,47.21486799000005,221.0,366.0,80.04724300780586
set4_SJ900,M01Ch024,440,491,-0.16220241135447058,47.18371100000004,221.0,366.0,80.70238236967367
set4_SJ900,M01Ch024,441,492,-0.1627457030457763,47.152559000000046,221.0,366.0,81.30763911105493
set4_SJ900,M01Ch024,442,493,-0.16324358272361775,47.11281499000002,221.0,366.0,81.86230437877886
set4_SJ900,M01Ch024,443,494,-0.16381722018471165,47.07629099000006,221.0,366.0,82.50136797204217
set4_SJ900,M01Ch024,444,495,-0.16442229833797306,47.04836100000001,221.0,366.0,83.17545822076995
set4_SJ900,M01Ch024,445,496,-0.1648633462984312,47.010770000000036,221.0,366.0,83.66680983834793
set4_SJ900,M01Ch024,446,497,-0.16539964715400998,46.97424200000002,221.0,366.0,84.26427840531143
set4_SJ900,M01Ch024,447,498,-0.1659723998001955,46.94524798000001,221.0,366.0,84.90235626623843
set4_SJ900,M01Ch024,448,499,-0.16645714797476718,46.90979300000004,221.0,366.0,85.44239231911206
set4_SJ900,M01Ch024,449,500,-0.16703336778496292,46.87865000000003,221.0,366.0,86.08433279090579
set4_SJ900,M01Ch024,450,501,-0.1675726914676571,46.84427399000002,221.0,366.0,86.68516895306522
set4_SJ900,M01Ch024,451,502,-0.1681620607067908,46.82064298,221.0,366.0,87.34175860988678
set4_SJ900,M01Ch024,452,503,-0.16863274341515336,46.78090098000001,221.0,366.0,87.8661249619717
set4_SJ900,M01Ch024,453,504,-0.16920130006789522,46.739006000000025,221.0,366.0,88.49952825606984
set4_SJ900,M01Ch024,454,505,-0.1697896280611016,46.712152000000046,221.0,366.0,89.1549579078204
set4_SJ900,M01Ch024,455,506,-0.17025896694946652,46.680995980000034,221.0,366.0,89.6778271707251
set4_SJ900,M01Ch024,456,507,-0.17085592670720495,46.64662598000005,221.0,366.0,90.34287308158038
set4_SJ900,M01Ch024,457,508,-0.17134211763820964,46.613323000000044,221.0,366.0,90.88451644424951
set4_SJ900,M01Ch024,458,509,-0.17185481125811963,46.58647399000006,221.0,366.0,91.45568525592029
set4_SJ900,M01Ch024,459,510,-0.17255699512984887,46.55317700000001,221.0,366.0,92.23795660086192
set4_SJ900,M01Ch024,460,511,-0.1729599458871502,46.52524700000006,221.0,366.0,92.68686584465166
set4_SJ900,M01Ch024,461,512,-0.1735602547838077,46.49195100000005,221.0,366.0,93.35564287994902
set4_SJ900,M01Ch024,462,513,-0.17415606943994585,46.46402097999999,221.0,366.0,94.01941308481759
set4_SJ900,M01Ch024,463,514,-0.1745896651732149,46.43609300000004,221.0,366.0,94.50246251258356
set4_SJ900,M01Ch024,464,515,-0.17506919807157043,46.40601298000004,221.0,366.0,95.03668846171642
set4_SJ900,M01Ch024,465,516,-0.17556986373833258,46.366274000000004,221.0,366.0,95.5944574738978
set4_SJ900,M01Ch024,466,517,-0.17620850684082395,46.34049498000002,221.0,366.0,96.3059409169642
set4_SJ900,M01Ch024,467,518,-0.17676752182679417,46.309341999999994,221.0,366.0,96.9287142709584
set4_SJ900,M01Ch024,468,519,-0.1773692295407449,46.27711700000004,221.0,366.0,97.59904966543964
set4_SJ900,M01Ch024,469,520,-0.1777655498891403,46.24918698000002,221.0,366.0,98.04057227005814
set4_SJ900,M01Ch024,470,521,-0.17837191830407512,46.216962000000024,221.0,366.0,98.7160999410555
set4_SJ900,M01Ch024,471,522,-0.17878305363300895,46.18581098000004,221.0,366.0,99.17412724653327
set4_SJ900,M01Ch024,472,523,-0.17934270498995192,46.155736000000054,221.0,366.0,99.79760955269337
set4_SJ900,M01Ch024,473,524,-0.17994369316720651,46.123504000000054,221.0,366.0,100.46714334383155
set4_SJ900,M01Ch024,474,525,-0.1803300858283717,46.09558100000004,221.0,366.0,100.89760596038366
set4_SJ900,M01Ch024,475,526,-0.18102922640331337,46.06872200000002,221.0,366.0,101.67648690579188
